annee,canton,technologie,puissance_mw,installations
1900,BE,Hydraulique,0.015,1
1900,GL,Hydraulique,0.11,1
1900,LU,Hydraulique,0.075,1
1900,SO,Hydraulique,0.075,1
1900,TG,Hydraulique,0.312,1
1900,ZH,Hydraulique,2.818,3
1902,AG,Hydraulique,60.2,2
1902,GR,Hydraulique,1.376,1
1902,ZG,Hydraulique,2.403,1
1903,BE,Hydraulique,0.055,1
1903,LU,Hydraulique,0.045,1
1904,VD,Hydraulique,27.37,1
1905,BE,Hydraulique,0.007,2
1905,OW,Hydraulique,33.9,1
1905,SO,Hydraulique,0.252,2
1905,UR,Hydraulique,1.28,1
1906,BE,Hydraulique,4.3,1
1906,VD,Hydraulique,26.178,2
1907,GR,Hydraulique,55.0,1
1907,SG,Hydraulique,0.016,1
1908,BE,Hydraulique,0.064,2
1908,GL,Hydraulique,60.0,1
1908,VS,Hydraulique,19.2,1
1908,ZG,Hydraulique,0.43,1
1909,VS,Hydraulique,28.0,1
1910,BE,Hydraulique,0.779,1
1910,FR,Hydraulique,16.62,1
1911,SG,Hydraulique,0.9,1
1914,AG,Hydraulique,106.0,1
1914,BE,Hydraulique,0.023,1
1914,GR,Hydraulique,7.0,1
1915,VS,Hydraulique,32.485,1
1918,GL,Hydraulique,0.168,1
1918,SZ,Hydraulique,0.017,1
1920,BE,Hydraulique,36.0,1
1920,LU,Hydraulique,0.034,1
1920,TI,Hydraulique,33.0,1
1920,ZH,Hydraulique,45.22,1
1921,FR,Hydraulique,24.375,1
1921,SG,Hydraulique,1.8,1
1922,GR,Hydraulique,44.2,1
1923,BS,Hydraulique,0.22,1
1923,VS,Hydraulique,77.75,1
1924,SZ,Hydraulique,107.4,1
1925,BE,Hydraulique,0.0088,1
1925,GE,Hydraulique,52.0,1
1925,SG,Hydraulique,0.0667,2
1926,BE,Hydraulique,0.012,1
1926,TI,Hydraulique,10.0,1
1926,VS,Hydraulique,29.92,1
1927,NW,Hydraulique,0.0185,1
1927,VD,Hydraulique,21.549,1
1929,BE,Hydraulique,0.016,1
1929,VS,Hydraulique,16.0,1
1930,AG,Hydraulique,112.0,1
1930,GL,Hydraulique,0.045,2
1931,VS,Hydraulique,24.552,2
1933,AG,Hydraulique,32.3,1
1934,TG,Hydraulique,0.246,1
1935,LU,Hydraulique,0.01,1
1937,BE,Hydraulique,0.08,2
1937,NW,Hydraulique,8.5,1
1937,SZ,Hydraulique,121.0,1
1937,VD,Hydraulique,0.07,1
1938,AG,Hydraulique,0.05,1
1939,ZH,Hydraulique,0.3,1
1940,FR,Hydraulique,0.0185,1
1940,SG,Hydraulique,0.112,2
1941,AG,Hydraulique,41.406000000000006,2
1941,GL,Hydraulique,0.245,1
1941,GR,Hydraulique,1.936,1
1941,OW,Hydraulique,1.2,1
1941,TG,Hydraulique,0.4,1
1942,BE,Hydraulique,0.18,1
1942,BL,Hydraulique,0.34,1
1942,SG,Hydraulique,0.025,1
1942,VS,Hydraulique,7.5,1
1942,ZH,Hydraulique,0.6,1
1943,AG,Hydraulique,0.47200000000000003,2
1943,BE,Hydraulique,0.03,1
1943,GE,Hydraulique,104.7,1
1943,VD,Hydraulique,4.78,1
1943,ZH,Hydraulique,0.245,1
1944,AG,Hydraulique,0.1,1
1944,BE,Hydraulique,0.09,1
1944,GL,Hydraulique,0.066,2
1944,GR,Hydraulique,6.16,1
1944,TI,Hydraulique,50.125,1
1945,BE,Hydraulique,0.02,1
1945,GE,Hydraulique,0.33,1
1945,LU,Hydraulique,0.3,1
1945,NW,Hydraulique,6.7,1
1946,BL,Hydraulique,0.88,1
1947,BE,Hydraulique,0.41,1
1947,BL,Hydraulique,0.44,1
1947,GL,Hydraulique,0.583,1
1948,BE,Hydraulique,0.05,1
1948,FR,Hydraulique,71.9,1
1948,SG,Hydraulique,0.035,1
1948,UR,Hydraulique,53.75,1
1949,AG,Hydraulique,42.6,1
1949,BL,Hydraulique,0.455,1
1949,GL,Hydraulique,18.2,1
1949,GR,Hydraulique,108.0,2
1949,SZ,Hydraulique,0.36,1
1949,TG,Hydraulique,0.5,2
1950,BE,Hydraulique,0.98,1
1950,SG,Hydraulique,0.211,3
1950,VD,Hydraulique,86.4,1
1950,VS,Hydraulique,35.3,1
1950,ZH,Hydraulique,0.04,1
1951,GR,Hydraulique,21.6,1
1951,SH,Hydraulique,5.16,1
1952,AG,Hydraulique,44.1,1
1952,VS,Hydraulique,55.9,1
1953,VS,Hydraulique,70.418,1
1954,AI,Hydraulique,2.48,1
1954,BL,Hydraulique,90.0,1
1954,VD,Hydraulique,26.4,1
1954,VS,Hydraulique,32.176,1
1955,UR,Hydraulique,12.5,1
1955,VD,Hydraulique,1.8,1
1956,AG,Hydraulique,0.16,1
1956,GR,Hydraulique,70.0,1
1956,SZ,Hydraulique,0.3,1
1956,ZH,Hydraulique,42.5,1
1957,BE,Hydraulique,0.05,1
1957,FR,Hydraulique,2.5,1
1957,GR,Hydraulique,234.194,3
1957,NW,Hydraulique,1.558,1
1957,OW,Hydraulique,16.31,3
1957,SG,Hydraulique,0.019,1
1957,VD,Hydraulique,4.24,1
1958,BE,Hydraulique,0.03,1
1958,GR,Hydraulique,22.0,1
1958,VS,Hydraulique,222.10000000000002,3
1959,BE,Hydraulique,17.0,1
1959,SG,Hydraulique,6.29,1
1959,TI,Hydraulique,84.32000000000001,2
1959,UR,Hydraulique,1.2,1
1959,VS,Hydraulique,57.6,1
1960,BE,Hydraulique,0.08750000000000001,2
1960,GL,Hydraulique,0.4,1
1960,GR,Hydraulique,230.14,5
1960,NW,Hydraulique,17.75,1
1960,SG,Hydraulique,0.036,1
1960,SZ,Hydraulique,13.7,2
1960,TG,Gaz naturel,9.52,1
1960,VS,Hydraulique,321.792,3
1961,BE,Hydraulique,1337.5,2
1961,GL,Hydraulique,1.785,1
1961,SZ,Hydraulique,2.0,1
1961,UR,Hydraulique,197.3,2
1961,VS,Hydraulique,7.49,1
1962,BE,Hydraulique,21.25,2
1962,GL,Hydraulique,1526.0,1
1962,GR,Hydraulique,529.1,3
1962,SG,Hydraulique,0.1,1
1962,SZ,Hydraulique,20.6,2
1962,TI,Hydraulique,431.0,1
1962,UR,Hydraulique,2.0,1
1963,BE,Hydraulique,15.0,1
1963,GR,Hydraulique,668.632,4
1963,SH,Hydraulique,25.2,1
1963,UR,Hydraulique,5.93,1
1964,BE,Hydraulique,9.0,1
1964,FR,Hydraulique,89.3,2
1964,GR,Hydraulique,0.95,1
1964,UR,Hydraulique,0.09,1
1964,VS,Hydraulique,1.6,1
1965,GL,Hydraulique,0.11,1
1965,OW,Hydraulique,0.175,1
1965,VS,Hydraulique,26.563,1
1966,AG,Hydraulique,5.424,1
1966,BE,Hydraulique,18.0,1
1966,GE,Déchets,18.4,1
1966,OW,Hydraulique,3.4,1
1966,SZ,Hydraulique,22.6,1
1966,UR,Hydraulique,25.0,1
1967,GR,Hydraulique,87.38,1
1967,TI,Hydraulique,10.8,1
1967,VS,Hydraulique,9.744,1
1968,BE,Hydraulique,15.0,1
1968,GR,Hydraulique,9.6,2
1968,JU,Hydraulique,0.025,1
1968,NE,Hydraulique,1.36,1
1968,OW,Hydraulique,8.25,1
1968,VS,Hydraulique,351.0,1
1969,AG,Nucléaire,364.8,1
1969,UR,Hydraulique,13.0,1
1969,VS,Hydraulique,349.576,1
1970,AG,Déchets,13.6,1
1970,BE,Hydraulique,28.5125,2
1970,GR,Hydraulique,3.83,3
1970,SO,Hydraulique,22.0,1
1970,SZ,Hydraulique,9.7,1
1970,TI,Hydraulique,17.5,1
1971,AG,Nucléaire,364.8,1
1971,VD,Hydraulique,240.0,1
1971,VS,Hydraulique,45.45,1
1972,FR,Hydraulique,7.8,1
1972,JU,Hydraulique,0.04,1
1974,BE,Hydraulique,0.016,1
1974,GR,Hydraulique,0.1,1
1974,SG,Déchets,26.15,1
1974,VS,Hydraulique,161.05,2
1975,AG,Hydraulique,19.0,1
1975,BE,Hydraulique,0.0404,1
1975,LU,Hydraulique,0.04,1
1976,FR,Hydraulique,2.4,1
1976,SG,Hydraulique,16.8,1
1976,TI,Hydraulique,3.58,1
1976,VS,Hydraulique,120.0,1
1976,ZH,Déchets,20.2,1
1977,GL,Hydraulique,0.075,1
1977,GR,Hydraulique,30.0,1
1977,SG,Hydraulique,366.0,1
1977,VS,Hydraulique,4.56,1
1978,BE,Hydraulique,0.03,1
1978,GL,Hydraulique,3.375,5
1978,SG,Hydraulique,0.008,1
1979,SG,Hydraulique,0.0075,1
1979,SO,Nucléaire,1035.0,1
1980,GR,Hydraulique,9.43,3
1980,LU,Hydraulique,3.04,2
1980,VD,Biomasse,0.115,1
1981,AI,Gaz naturel,0.78,1
1981,AR,Hydraulique,0.015,1
1981,BE,Hydraulique,0.01,1
1981,BL,Gaz naturel,0.7,1
1981,SG,Hydraulique,1.2,1
1981,VS,Hydraulique,3.15,1
1982,BE,Hydraulique,8.33,2
1982,FR,Hydraulique,2.5,1
1982,LU,Hydraulique,0.015,1
1982,SG,Hydraulique,0.08,1
1982,ZG,Hydraulique,0.03,1
1982,ZH,Hydraulique,0.103,1
1983,AG,Hydraulique,0.0275,2
1983,BE,Hydraulique,0.886,4
1983,GL,Hydraulique,0.8,1
1983,SG,Hydraulique,0.0375,1
1983,VD,Hydraulique,0.0185,1
1984,AG,Nucléaire,1250.0,1
1984,BE,Hydraulique,3.94,2
1984,GL,Déchets,12.5,1
1984,OW,Hydraulique,0.03,1
1984,SG,Hydraulique,0.11,1
1984,UR,Hydraulique,0.01,1
1985,BE,Hydraulique,18.6,1
1985,GR,Hydraulique,0.011,1
1985,LU,Hydraulique,0.011,1
1985,NE,Déchets,2.84,1
1985,OW,Hydraulique,0.022,1
1985,VS,Hydraulique,0.75,1
1985,ZH,Biomasse,0.13,1
1986,AG,Hydraulique,1.024,1
1986,BE,Hydraulique,1.228,3
1986,SZ,Hydraulique,0.004,1
1987,AR,Hydraulique,0.64,2
1987,BE,Hydraulique,0.237,1
1987,GR,Hydraulique,0.05,1
1987,NW,Hydraulique,0.03,1
1987,SG,Déchets,5.7,1
1987,SG,Hydraulique,4.7,2
1987,ZH,Hydraulique,1.77,1
1988,AG,Hydraulique,3.345,1
1988,AR,Hydraulique,0.225,1
1988,AR,Photovoltaïque,0.013800000000000002,1
1988,BE,Hydraulique,0.0195,2
1988,BL,Gaz naturel,0.42000000000000004,3
1988,GR,Hydraulique,0.004,1
1988,NE,Gaz naturel,47.2,1
1988,NE,Hydraulique,4.77,1
1988,SZ,Hydraulique,1.0,1
1988,UR,Hydraulique,0.032,1
1989,AG,Gaz naturel,0.482,1
1989,AG,Hydraulique,0.017,1
1989,BE,Hydraulique,11.509,2
1989,BE,Photovoltaïque,0.02088,1
1989,BL,Gaz naturel,0.051,1
1989,GR,Hydraulique,0.152,1
1989,LU,Photovoltaïque,0.00463,1
1989,OW,Hydraulique,0.011,1
1989,SG,Hydraulique,1.6099999999999999,2
1989,SH,Photovoltaïque,0.0238,1
1989,VS,Photovoltaïque,0.02994,1
1989,ZH,Gaz naturel,0.46,1
1990,BE,Hydraulique,0.25,1
1990,BE,Photovoltaïque,0.003,1
1990,BL,Gaz naturel,0.5700000000000001,3
1990,BL,Photovoltaïque,0.0127,2
1990,FR,Hydraulique,0.0736,1
1990,GR,Hydraulique,91.098,2
1990,LU,Hydraulique,0.0056,1
1990,SG,Hydraulique,5.1853,3
1990,VD,Hydraulique,5.6,1
1990,VS,Hydraulique,1.44,2
1990,ZG,Hydraulique,0.145,1
1990,ZH,Photovoltaïque,0.0078,2
1991,AG,Photovoltaïque,0.003,1
1991,BE,Déchets,4.05,1
1991,BE,Hydraulique,19.047,3
1991,BE,Photovoltaïque,0.009000000000000001,3
1991,BE,Pétrole,0.0053,1
1991,BL,Gaz naturel,0.1,1
1991,BL,Photovoltaïque,0.006,1
1991,GR,Déchets,13.0,1
1991,GR,Hydraulique,0.536,2
1991,GR,Photovoltaïque,0.05226,2
1991,LU,Photovoltaïque,0.003,1
1991,NE,Déchets,4.68,1
1991,SG,Hydraulique,0.026,1
1991,SO,Photovoltaïque,0.0014,1
1991,TG,Photovoltaïque,0.0033,1
1991,ZH,Gaz naturel,0.502,1
1991,ZH,Hydraulique,0.16,1
1991,ZH,Photovoltaïque,0.0012,1
1992,AG,Déchets,7.76,1
1992,AR,Hydraulique,0.47,1
1992,BE,Hydraulique,0.176,2
1992,BE,Photovoltaïque,0.5900299999999999,2
1992,BL,Gaz naturel,0.331,3
1992,BL,Hydraulique,35.98,1
1992,BL,Photovoltaïque,0.023,2
1992,BS,Gaz naturel,1.31,1
1992,GR,Hydraulique,0.056,1
1992,NW,Hydraulique,0.071,1
1992,TI,Photovoltaïque,0.0557,3
1992,VD,Hydraulique,8.012,2
1992,ZH,Photovoltaïque,0.0017,1
1993,AG,Hydraulique,0.006,1
1993,BE,Hydraulique,0.128,1
1993,BL,Gaz naturel,0.514,3
1993,BL,Photovoltaïque,0.0201,2
1993,FR,Hydraulique,0.005,1
1993,GL,Hydraulique,1.015,2
1993,GR,Hydraulique,0.071,3
1993,GR,Photovoltaïque,0.1,1
1993,LU,Photovoltaïque,0.0085,1
1993,SG,Hydraulique,0.5355000000000001,4
1993,SG,Photovoltaïque,0.003,1
1993,SH,Hydraulique,5.04,1
1993,SO,Photovoltaïque,0.003,1
1993,SZ,Hydraulique,0.067,2
1993,SZ,Photovoltaïque,0.013,1
1993,TG,Hydraulique,0.2,1
1993,TI,Biomasse,0.18,1
1993,VS,Biomasse,0.044,1
1993,VS,Hydraulique,1.6,1
1993,ZG,Photovoltaïque,0.21178,1
1994,AG,Biomasse,0.0055,1
1994,AG,Hydraulique,0.23,1
1994,AR,Hydraulique,0.03,1
1994,BE,Hydraulique,0.7704,4
1994,BE,Photovoltaïque,0.042260000000000006,8
1994,BL,Gaz naturel,0.59,3
1994,BL,Photovoltaïque,0.035699999999999996,3
1994,BS,Gaz naturel,0.29,1
1994,FR,Biomasse,0.3,1
1994,GE,Hydraulique,0.04,1
1994,GR,Hydraulique,0.339,2
1994,LU,Hydraulique,0.04,1
1994,OW,Hydraulique,48.0,2
1994,SG,Hydraulique,0.004,1
1994,SZ,Hydraulique,0.0305,2
1994,TG,Photovoltaïque,0.099,1
1994,VD,Hydraulique,1.3,1
1994,VD,Photovoltaïque,0.0648,1
1994,VS,Hydraulique,0.4,3
1994,ZH,Photovoltaïque,0.23584000000000002,4
1995,AG,Photovoltaïque,0.0036,1
1995,AR,Photovoltaïque,0.0033,1
1995,BE,Biomasse,0.1,1
1995,BE,Hydraulique,5.226,3
1995,BE,Photovoltaïque,0.0747,13
1995,BL,Gaz naturel,0.884,5
1995,BL,Hydraulique,0.69,1
1995,BL,Photovoltaïque,0.1216,2
1995,FR,Biomasse,0.67,1
1995,GE,Hydraulique,6.0,1
1995,GL,Hydraulique,0.285,1
1995,GR,Hydraulique,0.295,2
1995,LU,Gaz naturel,0.115,1
1995,OW,Photovoltaïque,0.368,1
1995,SG,Hydraulique,0.302,2
1995,SO,Photovoltaïque,0.0318,3
1995,VD,Hydraulique,0.46399999999999997,2
1995,VS,Hydraulique,1.33,3
1995,ZH,Biomasse,0.248,1
1995,ZH,Déchets,9.5,1
1995,ZH,Hydraulique,0.002,1
1995,ZH,Photovoltaïque,0.0025,1
1996,AR,Hydraulique,0.125,2
1996,BE,Gaz naturel,0.06,1
1996,BE,Hydraulique,22.744,8
1996,BE,Photovoltaïque,0.028999999999999998,6
1996,BL,Photovoltaïque,0.0181,1
1996,GL,Hydraulique,0.9,1
1996,GR,Hydraulique,0.243,1
1996,GR,Photovoltaïque,0.0019,1
1996,JU,Hydraulique,0.025,1
1996,SG,Hydraulique,2.425,5
1996,SO,Hydraulique,1.6,2
1996,TG,Déchets,15.639999999999999,2
1996,TG,Hydraulique,0.137,2
1996,TI,Hydraulique,0.23199999999999998,4
1996,TI,Photovoltaïque,0.003,1
1996,UR,Hydraulique,0.533,1
1996,VD,Gaz naturel,0.328,1
1996,VD,Hydraulique,0.047,2
1996,ZH,Biomasse,0.33,1
1997,BE,Hydraulique,0.087,3
1997,BE,Photovoltaïque,0.0040999999999999995,1
1997,BL,Gaz naturel,0.801,5
1997,BL,Hydraulique,0.385,1
1997,GR,Hydraulique,0.1,2
1997,LU,Photovoltaïque,0.003,1
1997,NW,Hydraulique,0.1,1
1997,OW,Hydraulique,1.415,2
1997,SG,Hydraulique,0.104,5
1997,TG,Photovoltaïque,0.0048,1
1997,TI,Gaz naturel,0.252,1
1997,TI,Hydraulique,0.014,1
1997,UR,Hydraulique,1.6,1
1997,VD,Hydraulique,0.29400000000000004,2
1997,VS,Hydraulique,0.32,1
1997,ZH,Photovoltaïque,0.048,2
1998,AG,Gaz naturel,0.08,1
1998,AG,Hydraulique,0.544,1
1998,AR,Photovoltaïque,0.03178,2
1998,BE,Gaz naturel,0.2025,1
1998,BE,Hydraulique,1.27,10
1998,BE,Photovoltaïque,0.11466,6
1998,BL,Hydraulique,1.206,2
1998,BL,Photovoltaïque,0.0036,1
1998,GE,Photovoltaïque,0.0077,1
1998,GR,Hydraulique,6.32,5
1998,LU,Hydraulique,0.873,2
1998,OW,Hydraulique,0.0185,1
1998,SG,Photovoltaïque,0.071,4
1998,SH,Photovoltaïque,0.0036,1
1998,SO,Photovoltaïque,0.003,1
1998,SZ,Hydraulique,0.3,1
1998,TG,Photovoltaïque,0.006,1
1998,TI,Hydraulique,4.575,1
1998,TI,Photovoltaïque,0.0597,1
1998,UR,Hydraulique,123.3,3
1998,VS,Biomasse,0.052,1
1998,ZG,Hydraulique,0.1228,3
1998,ZH,Hydraulique,0.15,1
1998,ZH,Photovoltaïque,0.1649,4
1999,AG,Photovoltaïque,0.26143,4
1999,AR,Photovoltaïque,0.025599999999999998,2
1999,BE,Hydraulique,0.036,1
1999,BE,Photovoltaïque,0.05106,2
1999,BL,Gaz naturel,0.6859999999999999,4
1999,BS,Gaz naturel,0.096,1
1999,FR,Gaz naturel,0.2,1
1999,FR,Hydraulique,3.184,1
1999,GL,Hydraulique,0.9,1
1999,GR,Hydraulique,0.166,4
1999,GR,Photovoltaïque,0.036,1
1999,JU,Hydraulique,0.43,1
1999,LU,Hydraulique,1.188,1
1999,NW,Hydraulique,0.058,1
1999,OW,Hydraulique,0.032,1
1999,SH,Photovoltaïque,0.01428,1
1999,SO,Hydraulique,0.012,1
1999,SO,Photovoltaïque,0.0421,3
1999,SZ,Photovoltaïque,0.014,1
1999,TG,Hydraulique,0.13,1
1999,TG,Photovoltaïque,0.011,1
1999,TI,Hydraulique,1.343,3
1999,UR,Hydraulique,0.08,1
1999,VD,Gaz naturel,0.085,1
1999,VD,Photovoltaïque,0.0112,1
1999,VS,Biomasse,0.12,1
1999,VS,Hydraulique,0.46,1
1999,ZH,Hydraulique,0.375,3
1999,ZH,Photovoltaïque,0.20319,5
2000,AG,Hydraulique,0.226,1
2000,AG,Photovoltaïque,0.0139,2
2000,AR,Gaz naturel,0.883,1
2000,AR,Photovoltaïque,0.015710000000000002,1
2000,BE,Biomasse,0.15,1
2000,BE,Hydraulique,0.10600000000000001,5
2000,BE,Photovoltaïque,0.2054,5
2000,BL,Gaz naturel,0.24000000000000002,2
2000,GE,Biomasse,0.171,1
2000,GL,Hydraulique,0.022,1
2000,GR,Hydraulique,0.04,1
2000,LU,Hydraulique,0.85,1
2000,NE,Déchets,6.625,1
2000,SG,Biomasse,0.24,1
2000,SG,Hydraulique,0.045,1
2000,SH,Photovoltaïque,0.0034,1
2000,SO,Gaz naturel,0.0912,1
2000,SO,Hydraulique,74.82,3
2000,VD,Hydraulique,12.6,1
2000,ZG,Gaz naturel,0.055,1
2000,ZH,Biomasse,1.84,1
2000,ZH,Gaz naturel,0.8,1
2000,ZH,Hydraulique,0.409,1
2000,ZH,Éolien,0.007,1
2001,AG,Hydraulique,7.155,2
2001,AG,Photovoltaïque,0.18030000000000002,1
2001,AI,Hydraulique,0.015,1
2001,BE,Photovoltaïque,0.0028,1
2001,BL,Gaz naturel,0.236,1
2001,FR,Déchets,10.0,1
2001,GL,Hydraulique,0.125,1
2001,GL,Photovoltaïque,0.0046,1
2001,GR,Hydraulique,0.25,1
2001,GR,Photovoltaïque,0.0939,5
2001,JU,Hydraulique,1.6400000000000001,2
2001,LU,Gaz naturel,10.2,1
2001,TG,Photovoltaïque,0.014620000000000001,2
2001,TI,Photovoltaïque,0.0044,1
2001,VD,Gaz naturel,0.1,1
2001,VS,Hydraulique,0.242,1
2001,ZG,Photovoltaïque,0.018279999999999998,2
2001,ZH,Biomasse,1.399,2
2001,ZH,Photovoltaïque,0.0416,3
2002,AG,Photovoltaïque,0.005,1
2002,BE,Hydraulique,0.042,1
2002,BE,Photovoltaïque,0.0035,1
2002,BL,Gaz naturel,0.396,3
2002,GE,Gaz naturel,1.345,2
2002,GE,Photovoltaïque,0.0024,1
2002,GR,Hydraulique,0.028300000000000002,1
2002,GR,Photovoltaïque,0.015,1
2002,JU,Hydraulique,0.406,1
2002,SG,Hydraulique,2.0185,4
2002,SZ,Photovoltaïque,0.039979999999999995,1
2002,TG,Hydraulique,1.9249999999999998,2
2002,TG,Photovoltaïque,0.06312,2
2002,UR,Hydraulique,0.4,2
2002,VD,Biomasse,0.665,2
2002,VD,Hydraulique,0.2775,2
2002,VS,Hydraulique,12.0,1
2002,ZH,Biomasse,2.72,1
2002,ZH,Photovoltaïque,0.32839999999999997,8
2002,ZH,Éolien,0.007,1
2003,BE,Déchets,15.07,1
2003,BE,Gaz naturel,1.065,1
2003,BE,Hydraulique,0.0825,4
2003,BE,Photovoltaïque,0.02337,2
2003,BL,Gaz naturel,0.472,2
2003,GE,Photovoltaïque,0.01492,1
2003,GR,Hydraulique,0.4365,3
2003,OW,Hydraulique,1.25,1
2003,SG,Hydraulique,0.525,2
2003,SG,Photovoltaïque,0.025099999999999997,3
2003,SH,Photovoltaïque,0.05995,8
2003,SO,Biomasse,0.112,1
2003,SO,Gaz naturel,0.18,1
2003,SO,Photovoltaïque,0.0171,3
2003,SZ,Photovoltaïque,0.031,1
2003,TG,Photovoltaïque,0.0099,1
2003,TG,Éolien,0.0064,1
2003,TI,Hydraulique,0.13,1
2003,TI,Photovoltaïque,0.027460000000000002,4
2003,VD,Hydraulique,0.5,2
2003,VD,Photovoltaïque,0.12547999999999998,3
2003,VS,Biomasse,0.313,1
2003,ZG,Photovoltaïque,0.02723,1
2003,ZH,Hydraulique,2.5,1
2003,ZH,Photovoltaïque,0.0742,5
2004,AG,Biomasse,0.2,1
2004,AG,Hydraulique,0.0015,1
2004,AG,Photovoltaïque,0.02392,1
2004,AR,Photovoltaïque,0.004,1
2004,BE,Photovoltaïque,0.0725,1
2004,BL,Photovoltaïque,0.03,1
2004,BS,Gaz naturel,0.8600000000000001,3
2004,GL,Hydraulique,30.5,1
2004,GR,Biomasse,0.08,1
2004,GR,Hydraulique,2.205,2
2004,GR,Photovoltaïque,0.0055,1
2004,OW,Hydraulique,0.05,1
2004,SG,Gaz naturel,0.049,1
2004,SG,Hydraulique,1.374,3
2004,SZ,Hydraulique,0.082,1
2004,TG,Hydraulique,0.015,1
2004,TG,Photovoltaïque,0.009699999999999999,1
2004,TI,Hydraulique,0.087,1
2004,TI,Photovoltaïque,0.004200000000000001,1
2004,UR,Hydraulique,0.125,1
2004,VD,Biomasse,0.048,1
2004,VD,Gaz naturel,0.04,1
2004,VD,Photovoltaïque,0.01074,1
2004,VS,Photovoltaïque,0.023399999999999997,1
2004,ZH,Hydraulique,0.6,1
2004,ZH,Photovoltaïque,0.12012,6
2005,AG,Photovoltaïque,0.024480000000000002,1
2005,BE,Hydraulique,1.3900000000000001,2
2005,BE,Photovoltaïque,1.36621,2
2005,FR,Photovoltaïque,0.1102,1
2005,GE,Photovoltaïque,0.13015,3
2005,GL,Hydraulique,16.5,1
2005,GR,Hydraulique,0.513,3
2005,GR,Photovoltaïque,0.12764999999999999,3
2005,LU,Biomasse,0.335,1
2005,LU,Éolien,0.9,1
2005,NE,Hydraulique,1.23,2
2005,OW,Hydraulique,0.027,1
2005,SG,Photovoltaïque,0.01446,1
2005,SH,Photovoltaïque,0.0127,1
2005,SO,Éolien,0.0064,1
2005,TG,Photovoltaïque,0.03801,4
2005,TI,Photovoltaïque,0.0050999999999999995,1
2005,VD,Gaz naturel,0.072,1
2005,VD,Photovoltaïque,0.07838,3
2005,VS,Photovoltaïque,0.022,1
2005,VS,Éolien,2.0,1
2005,ZH,Biomasse,3.5,1
2005,ZH,Gaz naturel,0.266,3
2005,ZH,Photovoltaïque,0.13574999999999998,10
2006,AG,Biomasse,0.235,1
2006,AG,Hydraulique,6.903,3
2006,AG,Photovoltaïque,0.10302,11
2006,AR,Biomasse,1.065,1
2006,AR,Photovoltaïque,0.004200000000000001,1
2006,BE,Biomasse,0.016,1
2006,BE,Hydraulique,1.312,8
2006,BE,Photovoltaïque,0.11034,18
2006,BL,Biomasse,0.346,1
2006,BL,Hydraulique,0.679,1
2006,BL,Photovoltaïque,0.0361,6
2006,BS,Photovoltaïque,0.0801,2
2006,FR,Biomasse,0.125,1
2006,FR,Hydraulique,0.04,1
2006,FR,Photovoltaïque,0.0534,5
2006,GE,Photovoltaïque,0.5459499999999999,25
2006,GL,Hydraulique,0.032,1
2006,GL,Photovoltaïque,0.02258,4
2006,GR,Biomasse,0.25,1
2006,GR,Hydraulique,0.09025,2
2006,GR,Photovoltaïque,0.123,7
2006,JU,Photovoltaïque,0.008570000000000001,2
2006,LU,Biomasse,0.89,2
2006,LU,Hydraulique,0.006,1
2006,LU,Photovoltaïque,0.020900000000000002,4
2006,LU,Éolien,0.03,1
2006,NE,Photovoltaïque,0.17555,10
2006,OW,Hydraulique,0.027,1
2006,SG,Hydraulique,0.20600000000000002,3
2006,SG,Photovoltaïque,0.102,20
2006,SG,Éolien,0.007,1
2006,SH,Biomasse,0.2,1
2006,SH,Photovoltaïque,0.0075,1
2006,SO,Biomasse,0.42,1
2006,SO,Hydraulique,0.01,1
2006,SO,Photovoltaïque,0.0149,2
2006,SZ,Photovoltaïque,0.032,1
2006,TG,Biomasse,0.353,2
2006,TG,Hydraulique,0.0075,1
2006,TG,Photovoltaïque,0.03292,3
2006,TI,Photovoltaïque,0.0081,4
2006,UR,Hydraulique,0.055,1
2006,UR,Photovoltaïque,0.012199999999999999,1
2006,VD,Biomasse,0.012,1
2006,VD,Déchets,21.24,1
2006,VD,Hydraulique,0.648,3
2006,VD,Photovoltaïque,0.1422,20
2006,VS,Biomasse,0.8018,3
2006,VS,Hydraulique,1.345,6
2006,VS,Photovoltaïque,0.0078,2
2006,ZG,Hydraulique,0.012,1
2006,ZG,Photovoltaïque,0.0173,2
2006,ZH,Biomasse,0.7050000000000001,3
2006,ZH,Photovoltaïque,0.3807,30
2006,ZH,Éolien,0.007,1
2007,AG,Biomasse,0.048,1
2007,AG,Hydraulique,0.09,1
2007,AG,Photovoltaïque,0.13176,22
2007,AI,Photovoltaïque,0.1036,3
2007,AR,Photovoltaïque,0.21533,8
2007,BE,Biomasse,0.397,2
2007,BE,Hydraulique,0.0644,4
2007,BE,Photovoltaïque,0.51976,57
2007,BL,Gaz naturel,0.12,1
2007,BL,Photovoltaïque,0.26707000000000003,20
2007,BS,Photovoltaïque,0.045899999999999996,1
2007,FR,Biomasse,0.44499999999999995,2
2007,FR,Hydraulique,0.18,1
2007,FR,Photovoltaïque,0.16033,23
2007,GE,Hydraulique,0.24,1
2007,GE,Photovoltaïque,1.4834399999999999,45
2007,GL,Hydraulique,1.225,4
2007,GL,Photovoltaïque,0.0368,7
2007,GR,Biomasse,22.608999999999998,3
2007,GR,Hydraulique,1.3391,5
2007,GR,Photovoltaïque,0.214,14
2007,JU,Photovoltaïque,0.05928,8
2007,JU,Éolien,0.007,1
2007,LU,Biomasse,0.25,1
2007,LU,Photovoltaïque,0.25544999999999995,17
2007,NE,Photovoltaïque,0.018000000000000002,5
2007,OW,Photovoltaïque,0.0035,1
2007,SG,Biomasse,1.087,2
2007,SG,Gaz naturel,1.94,2
2007,SG,Hydraulique,3.1353999999999997,7
2007,SG,Photovoltaïque,0.49588,44
2007,SH,Photovoltaïque,0.20775,20
2007,SO,Hydraulique,0.01,1
2007,SO,Photovoltaïque,0.07530999999999999,8
2007,SZ,Photovoltaïque,0.0226,4
2007,TG,Photovoltaïque,0.22233,22
2007,TI,Hydraulique,0.02,1
2007,TI,Photovoltaïque,0.603,9
2007,UR,Hydraulique,0.32,1
2007,VD,Biomasse,0.33499999999999996,3
2007,VD,Hydraulique,0.014,1
2007,VD,Photovoltaïque,0.36198,48
2007,VS,Hydraulique,1.5919999999999999,3
2007,VS,Photovoltaïque,0.02232,5
2007,ZG,Photovoltaïque,0.0143,3
2007,ZH,Biomasse,1.0350000000000001,4
2007,ZH,Hydraulique,0.44,3
2007,ZH,Photovoltaïque,1.55611,57
2008,AG,Biomasse,1.1109,2
2008,AG,Gaz naturel,0.144,1
2008,AG,Hydraulique,0.0375,2
2008,AG,Photovoltaïque,1.0185,90
2008,AI,Biomasse,0.11,1
2008,AI,Photovoltaïque,0.55431,14
2008,AR,Photovoltaïque,0.0542,7
2008,BE,Biomasse,0.16,1
2008,BE,Hydraulique,0.43999999999999995,8
2008,BE,Photovoltaïque,1.71693,196
2008,BL,Biomasse,0.25,1
2008,BL,Gaz naturel,0.35,2
2008,BL,Photovoltaïque,0.5117,28
2008,BS,Biomasse,4.365399999999999,1
2008,BS,Déchets,16.2146,2
2008,BS,Gaz naturel,20.355,2
2008,BS,Photovoltaïque,0.0055,1
2008,FR,Biomasse,0.67,2
2008,FR,Hydraulique,0.06,1
2008,FR,Photovoltaïque,0.56447,81
2008,GE,Photovoltaïque,0.25665,35
2008,GL,Photovoltaïque,0.0748,11
2008,GR,Biomasse,0.115,1
2008,GR,Hydraulique,4.977,4
2008,GR,Photovoltaïque,0.53682,33
2008,JU,Biomasse,0.44,1
2008,JU,Photovoltaïque,0.31022,17
2008,LU,Biomasse,0.095,2
2008,LU,Hydraulique,0.0295,2
2008,LU,Photovoltaïque,1.77424,51
2008,NE,Photovoltaïque,0.063,13
2008,NW,Hydraulique,0.0596,4
2008,NW,Photovoltaïque,0.14062,6
2008,SG,Biomasse,0.831,4
2008,SG,Hydraulique,2.1465,7
2008,SG,Photovoltaïque,1.97048,115
2008,SH,Photovoltaïque,0.41435,30
2008,SO,Photovoltaïque,0.75003,30
2008,SZ,Photovoltaïque,0.11725,13
2008,TG,Biomasse,0.35,1
2008,TG,Hydraulique,0.881,3
2008,TG,Photovoltaïque,1.34943,76
2008,TI,Hydraulique,0.05,1
2008,TI,Photovoltaïque,0.26597,22
2008,UR,Hydraulique,1.027,2
2008,UR,Photovoltaïque,0.17242,6
2008,VD,Biomasse,0.132,2
2008,VD,Hydraulique,3.517,2
2008,VD,Photovoltaïque,1.09637,139
2008,VS,Hydraulique,1.0954000000000002,5
2008,VS,Photovoltaïque,0.1697,28
2008,VS,Éolien,2.0,1
2008,ZG,Photovoltaïque,0.1704,16
2008,ZH,Biomasse,0.817,5
2008,ZH,Déchets,19.6,1
2008,ZH,Hydraulique,0.11499999999999999,2
2008,ZH,Photovoltaïque,2.1035,123
2009,AG,Biomasse,0.40700000000000003,3
2009,AG,Photovoltaïque,5.81281,202
2009,AG,Éolien,0.01,1
2009,AI,Photovoltaïque,0.20774,12
2009,AR,Biomasse,0.025,1
2009,AR,Photovoltaïque,0.32987,35
2009,BE,Biomasse,0.75,1
2009,BE,Hydraulique,2.3223,8
2009,BE,Photovoltaïque,5.3924900000000004,319
2009,BL,Biomasse,0.36,1
2009,BL,Gaz naturel,0.5,1
2009,BL,Photovoltaïque,0.8709800000000001,61
2009,BS,Photovoltaïque,0.4891,23
2009,FR,Biomasse,0.109,1
2009,FR,Hydraulique,0.003,1
2009,FR,Photovoltaïque,1.1428,75
2009,GE,Gaz naturel,0.51,1
2009,GE,Photovoltaïque,0.45297000000000004,46
2009,GL,Hydraulique,3.72,4
2009,GL,Photovoltaïque,0.04358,5
2009,GR,Hydraulique,3.706,8
2009,GR,Photovoltaïque,1.58573,59
2009,JU,Biomasse,0.572,1
2009,JU,Hydraulique,0.42300000000000004,2
2009,JU,Photovoltaïque,0.32096,18
2009,JU,Éolien,4.0,1
2009,LU,Biomasse,1.6933,5
2009,LU,Hydraulique,0.038,3
2009,LU,Photovoltaïque,3.4652700000000003,85
2009,NE,Hydraulique,0.022,1
2009,NE,Photovoltaïque,0.34920999999999996,39
2009,NW,Hydraulique,0.064,1
2009,NW,Photovoltaïque,0.0185,2
2009,OW,Photovoltaïque,0.47248999999999997,10
2009,SG,Biomasse,1.6480000000000001,3
2009,SG,Gaz naturel,0.06,1
2009,SG,Hydraulique,0.0529,3
2009,SG,Photovoltaïque,3.25482,193
2009,SH,Biomasse,0.06,1
2009,SH,Photovoltaïque,0.047189999999999996,8
2009,SO,Biomasse,0.889,1
2009,SO,Gaz naturel,0.115,1
2009,SO,Photovoltaïque,0.49157,61
2009,SZ,Biomasse,1.401,3
2009,SZ,Photovoltaïque,0.37278,20
2009,TG,Biomasse,0.849,4
2009,TG,Photovoltaïque,2.3886,109
2009,TI,Hydraulique,0.446,4
2009,TI,Photovoltaïque,2.05854,46
2009,UR,Biomasse,0.24,1
2009,UR,Hydraulique,0.27849999999999997,3
2009,UR,Photovoltaïque,0.12703,9
2009,VD,Biomasse,0.18,1
2009,VD,Hydraulique,0.22000000000000003,2
2009,VD,Photovoltaïque,3.07933,182
2009,VS,Biomasse,0.1005,2
2009,VS,Gaz naturel,60.326,1
2009,VS,Hydraulique,2.861,10
2009,VS,Photovoltaïque,0.52957,57
2009,ZG,Biomasse,0.584,1
2009,ZG,Photovoltaïque,0.25579999999999997,15
2009,ZH,Biomasse,0.103,2
2009,ZH,Hydraulique,0.46699999999999997,3
2009,ZH,Photovoltaïque,3.4519800000000003,169
2010,AG,Biomasse,0.748,3
2010,AG,Hydraulique,2.933,3
2010,AG,Photovoltaïque,3.42713,253
2010,AI,Photovoltaïque,0.0491,4
2010,AR,Hydraulique,0.016,1
2010,AR,Photovoltaïque,0.12662,15
2010,BE,Biomasse,1.3230000000000002,5
2010,BE,Hydraulique,0.504,8
2010,BE,Photovoltaïque,6.04042,269
2010,BE,Éolien,14.0,7
2010,BL,Biomasse,0.18,1
2010,BL,Photovoltaïque,0.98977,60
2010,BS,Photovoltaïque,1.31582,31
2010,FR,Biomasse,0.04,1
2010,FR,Gaz naturel,0.115,1
2010,FR,Hydraulique,0.03,1
2010,FR,Photovoltaïque,1.9747999999999999,61
2010,GE,Photovoltaïque,1.3934900000000001,79
2010,GL,Biomasse,0.615,1
2010,GL,Hydraulique,5.77,4
2010,GL,Photovoltaïque,0.0998,12
2010,GR,Biomasse,0.06,1
2010,GR,Hydraulique,7.907,12
2010,GR,Photovoltaïque,2.69186,84
2010,JU,Biomasse,0.172,1
2010,JU,Photovoltaïque,0.23174,15
2010,JU,Éolien,6.8999999999999995,3
2010,LU,Biomasse,0.855,2
2010,LU,Photovoltaïque,3.22903,96
2010,NE,Biomasse,0.0050999999999999995,1
2010,NE,Photovoltaïque,0.34243,57
2010,NW,Photovoltaïque,0.6132799999999999,6
2010,OW,Hydraulique,0.215,2
2010,OW,Photovoltaïque,0.23126,9
2010,SG,Biomasse,1.955,5
2010,SG,Hydraulique,1.5947,9
2010,SG,Photovoltaïque,4.11501,110
2010,SG,Éolien,0.01,1
2010,SH,Photovoltaïque,0.83782,22
2010,SO,Biomasse,0.18,1
2010,SO,Photovoltaïque,2.41635,104
2010,SZ,Hydraulique,0.272,1
2010,SZ,Photovoltaïque,0.37955,18
2010,TG,Biomasse,0.8999999999999999,3
2010,TG,Gaz naturel,0.03,1
2010,TG,Hydraulique,0.1043,2
2010,TG,Photovoltaïque,1.95481,96
2010,TI,Déchets,18.6,1
2010,TI,Photovoltaïque,0.43604,63
2010,UR,Photovoltaïque,0.0136,2
2010,UR,Éolien,1.8,2
2010,VD,Biomasse,0.08,3
2010,VD,Gaz naturel,0.04,1
2010,VD,Hydraulique,0.085,1
2010,VD,Photovoltaïque,4.87055,128
2010,VS,Hydraulique,5.431,11
2010,VS,Photovoltaïque,0.36194,46
2010,ZG,Hydraulique,1.29,3
2010,ZG,Photovoltaïque,0.32349,12
2010,ZH,Biomasse,11.612,6
2010,ZH,Gaz naturel,0.25,1
2010,ZH,Hydraulique,0.24200000000000002,2
2010,ZH,Photovoltaïque,4.53326,171
2011,AG,Biomasse,2.5189999999999997,6
2011,AG,Hydraulique,0.1955,3
2011,AG,Photovoltaïque,7.98442,290
2011,AI,Photovoltaïque,0.63258,22
2011,AR,Photovoltaïque,0.48332,46
2011,BE,Biomasse,1.85,4
2011,BE,Hydraulique,12.957,8
2011,BE,Photovoltaïque,21.05755,848
2011,BL,Biomasse,0.357,1
2011,BL,Gaz naturel,0.128,1
2011,BL,Photovoltaïque,7.17625,369
2011,BS,Gaz naturel,3.516,2
2011,BS,Photovoltaïque,2.57509,32
2011,FR,Biomasse,0.1241,3
2011,FR,Hydraulique,0.059,2
2011,FR,Photovoltaïque,7.06104,331
2011,GE,Photovoltaïque,3.25489,74
2011,GL,Hydraulique,1.2249999999999999,4
2011,GL,Photovoltaïque,0.26292,20
2011,GR,Biomasse,0.07,1
2011,GR,Hydraulique,15.1052,7
2011,GR,Photovoltaïque,3.28002,129
2011,JU,Photovoltaïque,1.09094,27
2011,LU,Biomasse,1.317,3
2011,LU,Hydraulique,0.883,2
2011,LU,Photovoltaïque,9.88867,208
2011,NE,Biomasse,0.27,1
2011,NE,Photovoltaïque,1.3338,87
2011,NW,Biomasse,0.115,1
2011,NW,Photovoltaïque,0.23591,15
2011,OW,Biomasse,0.55,2
2011,OW,Hydraulique,0.063,1
2011,OW,Photovoltaïque,0.34634,11
2011,SG,Biomasse,0.516,2
2011,SG,Hydraulique,2.185,2
2011,SG,Photovoltaïque,15.2265,461
2011,SH,Photovoltaïque,1.29407,44
2011,SO,Biomasse,0.104,1
2011,SO,Photovoltaïque,8.29313,389
2011,SZ,Hydraulique,0.05756,3
2011,SZ,Photovoltaïque,2.32879,61
2011,TG,Biomasse,0.247,1
2011,TG,Hydraulique,1.7,1
2011,TG,Photovoltaïque,6.44575,198
2011,TI,Biomasse,0.619,2
2011,TI,Photovoltaïque,0.85625,93
2011,UR,Hydraulique,0.381,1
2011,UR,Photovoltaïque,0.1779,12
2011,VD,Biomasse,3.57,4
2011,VD,Hydraulique,0.135,3
2011,VD,Photovoltaïque,6.06435,225
2011,VS,Biomasse,0.017,1
2011,VS,Hydraulique,0.8130000000000001,5
2011,VS,Photovoltaïque,5.67538,140
2011,ZG,Biomasse,0.44,1
2011,ZG,Gaz naturel,0.175,1
2011,ZG,Hydraulique,0.015,1
2011,ZG,Photovoltaïque,0.9358099999999999,35
2011,ZH,Biomasse,0.462,4
2011,ZH,Hydraulique,0.346,5
2011,ZH,Photovoltaïque,10.842360000000001,399
2012,AG,Biomasse,0.14900000000000002,2
2012,AG,Photovoltaïque,16.335539999999998,434
2012,AI,Photovoltaïque,1.5994000000000002,46
2012,AR,Photovoltaïque,3.26741,121
2012,BE,Biomasse,33.401900000000005,6
2012,BE,Déchets,17.0,1
2012,BE,Gaz naturel,92.056,2
2012,BE,Hydraulique,0.9530000000000001,11
2012,BE,Photovoltaïque,38.80182,1434
2012,BE,Éolien,0.003,1
2012,BL,Gaz naturel,0.475,2
2012,BL,Photovoltaïque,15.95247,447
2012,BS,Gaz naturel,1.74,1
2012,BS,Photovoltaïque,1.3561699999999999,75
2012,FR,Biomasse,2.668,5
2012,FR,Hydraulique,0.11,1
2012,FR,Photovoltaïque,12.30307,259
2012,GE,Biomasse,0.471,1
2012,GE,Gaz naturel,0.125,1
2012,GE,Photovoltaïque,10.3911,125
2012,GL,Hydraulique,3.3930000000000002,4
2012,GL,Photovoltaïque,0.81253,28
2012,GR,Biomasse,0.243,1
2012,GR,Hydraulique,8.375,14
2012,GR,Photovoltaïque,6.3749899999999995,189
2012,GR,Éolien,0.01,1
2012,JU,Photovoltaïque,7.92476,75
2012,LU,Biomasse,0.2904,2
2012,LU,Gaz naturel,0.2,1
2012,LU,Photovoltaïque,20.97359,354
2012,NE,Biomasse,0.45,2
2012,NE,Photovoltaïque,1.65615,85
2012,NW,Photovoltaïque,0.8734,30
2012,OW,Hydraulique,0.0075,1
2012,OW,Photovoltaïque,0.89606,28
2012,SG,Déchets,11.0,1
2012,SG,Gaz naturel,0.23,1
2012,SG,Hydraulique,0.25579999999999997,7
2012,SG,Photovoltaïque,20.77708,683
2012,SH,Photovoltaïque,3.61755,86
2012,SO,Photovoltaïque,13.04512,499
2012,SZ,Hydraulique,0.027,1
2012,SZ,Photovoltaïque,3.2605,75
2012,TG,Biomasse,0.368,2
2012,TG,Hydraulique,0.299,2
2012,TG,Photovoltaïque,12.58008,396
2012,TI,Hydraulique,2.1686,5
2012,TI,Photovoltaïque,3.3736,172
2012,UR,Photovoltaïque,0.57806,29
2012,UR,Éolien,0.9,1
2012,VD,Biomasse,4.0,1
2012,VD,Hydraulique,0.4,1
2012,VD,Photovoltaïque,15.82063,325
2012,VS,Biomasse,0.015,1
2012,VS,Hydraulique,12.883000000000001,12
2012,VS,Photovoltaïque,16.59286,231
2012,VS,Éolien,5.3,2
2012,ZG,Biomasse,0.548,1
2012,ZG,Photovoltaïque,4.45662,74
2012,ZH,Biomasse,0.31,3
2012,ZH,Déchets,23.0,1
2012,ZH,Hydraulique,0.9998,3
2012,ZH,Photovoltaïque,19.18819,564
2013,AG,Biomasse,0.76,3
2013,AG,Déchets,11.15,1
2013,AG,Gaz naturel,0.08,1
2013,AG,Hydraulique,2.9995000000000003,3
2013,AG,Photovoltaïque,19.00907,460
2013,AI,Photovoltaïque,0.78387,43
2013,AR,Photovoltaïque,2.57618,99
2013,BE,Biomasse,0.10099999999999999,2
2013,BE,Gaz naturel,0.494,2
2013,BE,Hydraulique,4.632999999999999,13
2013,BE,Photovoltaïque,50.98532,1341
2013,BE,Éolien,8.0,4
2013,BL,Gaz naturel,0.30000000000000004,2
2013,BL,Photovoltaïque,10.78963,344
2013,BS,Photovoltaïque,3.5727900000000004,98
2013,FR,Biomasse,0.1764,3
2013,FR,Hydraulique,1.10581,3
2013,FR,Photovoltaïque,16.70095,285
2013,GE,Gaz naturel,0.473,2
2013,GE,Photovoltaïque,4.45456,137
2013,GL,Photovoltaïque,0.51718,33
2013,GR,Biomasse,0.06,1
2013,GR,Hydraulique,19.9312,11
2013,GR,Photovoltaïque,9.34217,271
2013,GR,Éolien,3.0,1
2013,JU,Biomasse,0.7,1
2013,JU,Photovoltaïque,5.99368,84
2013,LU,Biomasse,0.09,1
2013,LU,Photovoltaïque,20.26402,438
2013,LU,Éolien,2.35,1
2013,NE,Photovoltaïque,3.17719,115
2013,NW,Hydraulique,2.79,2
2013,NW,Photovoltaïque,1.62518,23
2013,OW,Hydraulique,12.11,2
2013,OW,Photovoltaïque,2.28863,31
2013,SG,Biomasse,0.665,3
2013,SG,Hydraulique,1.034,11
2013,SG,Photovoltaïque,26.18349,649
2013,SH,Biomasse,0.085,1
2013,SH,Photovoltaïque,3.8372,65
2013,SO,Hydraulique,0.0365,1
2013,SO,Photovoltaïque,20.52286,331
2013,SZ,Biomasse,0.22299999999999998,2
2013,SZ,Hydraulique,0.067,2
2013,SZ,Photovoltaïque,3.1331700000000002,116
2013,TG,Gaz naturel,0.05,1
2013,TG,Photovoltaïque,24.25151,433
2013,TI,Gaz naturel,0.142,1
2013,TI,Hydraulique,0.316,2
2013,TI,Photovoltaïque,11.26849,313
2013,UR,Photovoltaïque,0.69171,35
2013,VD,Biomasse,0.23,1
2013,VD,Gaz naturel,0.05,1
2013,VD,Hydraulique,3.873,2
2013,VD,Photovoltaïque,29.19989,449
2013,VS,Hydraulique,97.58959999999999,12
2013,VS,Photovoltaïque,14.45484,347
2013,ZG,Biomasse,0.001,1
2013,ZG,Photovoltaïque,5.27734,64
2013,ZH,Biomasse,0.669,4
2013,ZH,Hydraulique,0.0306,2
2013,ZH,Photovoltaïque,19.64017,622
2014,AG,Hydraulique,11.6637,4
2014,AG,Photovoltaïque,13.19213,545
2014,AI,Hydraulique,0.03,1
2014,AI,Photovoltaïque,0.87524,48
2014,AR,Photovoltaïque,2.21102,101
2014,BE,Biomasse,0.19,1
2014,BE,Gaz naturel,1.467,1
2014,BE,Hydraulique,1.8554999999999997,8
2014,BE,Photovoltaïque,26.78461,1059
2014,BL,Gaz naturel,0.115,1
2014,BL,Photovoltaïque,5.29133,350
2014,BS,Photovoltaïque,1.34817,48
2014,FR,Hydraulique,0.035,1
2014,FR,Photovoltaïque,7.81057,309
2014,GE,Biomasse,0.847,1
2014,GE,Photovoltaïque,3.37368,99
2014,GL,Hydraulique,1.0,1
2014,GL,Photovoltaïque,0.51353,30
2014,GR,Biomasse,0.22,2
2014,GR,Hydraulique,10.91,11
2014,GR,Photovoltaïque,6.39644,208
2014,JU,Photovoltaïque,2.42141,68
2014,LU,Biomasse,0.3,2
2014,LU,Photovoltaïque,17.49918,448
2014,NE,Hydraulique,0.495,1
2014,NE,Photovoltaïque,4.42392,190
2014,NW,Hydraulique,0.298,1
2014,NW,Photovoltaïque,0.6986,21
2014,OW,Photovoltaïque,0.67618,21
2014,SG,Biomasse,0.045,1
2014,SG,Gaz naturel,0.12,4
2014,SG,Hydraulique,6.2067000000000005,11
2014,SG,Photovoltaïque,16.35749,698
2014,SH,Biomasse,0.6308,2
2014,SH,Photovoltaïque,2.3543,91
2014,SO,Photovoltaïque,6.52406,226
2014,SZ,Photovoltaïque,3.59487,106
2014,TG,Photovoltaïque,12.43832,407
2014,TI,Hydraulique,0.045,1
2014,TI,Photovoltaïque,9.89768,427
2014,UR,Hydraulique,0.185,2
2014,UR,Photovoltaïque,0.37687,39
2014,VD,Biomasse,0.08,1
2014,VD,Hydraulique,1.451,5
2014,VD,Photovoltaïque,16.61544,587
2014,VS,Hydraulique,18.61,6
2014,VS,Photovoltaïque,9.74159,380
2014,ZG,Photovoltaïque,3.26159,68
2014,ZH,Biomasse,0.045,2
2014,ZH,Hydraulique,0.5055,2
2014,ZH,Photovoltaïque,17.56969,703
2015,AG,Biomasse,0.076,1
2015,AG,Hydraulique,0.215,2
2015,AG,Photovoltaïque,30.38979,919
2015,AI,Photovoltaïque,0.89449,52
2015,AR,Biomasse,0.71,1
2015,AR,Photovoltaïque,2.9575299999999998,172
2015,BE,Biomasse,0.014,1
2015,BE,Hydraulique,29.4603,13
2015,BE,Photovoltaïque,55.68465,1707
2015,BE,Éolien,0.031,2
2015,BL,Photovoltaïque,9.32845,465
2015,BS,Photovoltaïque,1.9831699999999999,84
2015,FR,Biomasse,0.258,2
2015,FR,Gaz naturel,0.143,1
2015,FR,Photovoltaïque,30.39069,714
2015,GE,Photovoltaïque,7.00873,226
2015,GL,Hydraulique,0.185,1
2015,GL,Photovoltaïque,1.27837,52
2015,GR,Biomasse,0.35,1
2015,GR,Hydraulique,0.28509999999999996,10
2015,GR,Photovoltaïque,13.04187,358
2015,JU,Biomasse,0.23,1
2015,JU,Photovoltaïque,4.61302,134
2015,LU,Biomasse,0.68,3
2015,LU,Hydraulique,0.107,2
2015,LU,Photovoltaïque,34.24436,763
2015,NE,Photovoltaïque,9.8745,434
2015,NW,Hydraulique,0.013,1
2015,NW,Photovoltaïque,0.87524,30
2015,OW,Biomasse,0.25,1
2015,OW,Photovoltaïque,1.43247,51
2015,SG,Biomasse,0.738,2
2015,SG,Gaz naturel,0.129,4
2015,SG,Hydraulique,0.522,1
2015,SG,Photovoltaïque,41.52933,1476
2015,SH,Photovoltaïque,3.17749,130
2015,SO,Gaz naturel,0.0432,1
2015,SO,Hydraulique,0.37,1
2015,SO,Photovoltaïque,18.41745,466
2015,SZ,Biomasse,1.5,1
2015,SZ,Photovoltaïque,5.53988,188
2015,TG,Biomasse,0.05,1
2015,TG,Photovoltaïque,25.82414,619
2015,TI,Biomasse,0.527,1
2015,TI,Gaz naturel,0.309,2
2015,TI,Hydraulique,0.987,2
2015,TI,Photovoltaïque,18.16778,870
2015,UR,Photovoltaïque,0.46876,42
2015,VD,Biomasse,0.31,1
2015,VD,Hydraulique,0.123,2
2015,VD,Photovoltaïque,36.02539,1471
2015,VS,Biomasse,0.15,1
2015,VS,Hydraulique,6.608,3
2015,VS,Photovoltaïque,18.95096,640
2015,ZG,Gaz naturel,0.03,1
2015,ZG,Hydraulique,0.326,1
2015,ZG,Photovoltaïque,6.67967,124
2015,ZH,Biomasse,0.0655,2
2015,ZH,Gaz naturel,0.23,2
2015,ZH,Hydraulique,0.65,1
2015,ZH,Photovoltaïque,30.70209,1071
2016,AG,Biomasse,0.1902,4
2016,AG,Hydraulique,0.015,1
2016,AG,Photovoltaïque,18.34773,628
2016,AI,Photovoltaïque,1.07769,41
2016,AR,Photovoltaïque,1.92452,91
2016,BE,Biomasse,0.268,2
2016,BE,Gaz naturel,1.016,1
2016,BE,Hydraulique,13.937,10
2016,BE,Photovoltaïque,30.83777,1249
2016,BE,Éolien,13.2,4
2016,BL,Gaz naturel,0.071,1
2016,BL,Photovoltaïque,4.44678,302
2016,BS,Gaz naturel,4.719,2
2016,BS,Photovoltaïque,1.42194,66
2016,FR,Biomasse,0.526,1
2016,FR,Photovoltaïque,18.48185,724
2016,GE,Photovoltaïque,5.82648,229
2016,GL,Hydraulique,2.213,4
2016,GL,Photovoltaïque,3.7818499999999995,25
2016,GR,Hydraulique,16.835,15
2016,GR,Photovoltaïque,6.0653999999999995,270
2016,JU,Biomasse,0.07,1
2016,JU,Hydraulique,0.132,1
2016,JU,Photovoltaïque,11.1546,135
2016,LU,Biomasse,1.4,1
2016,LU,Déchets,27.2,1
2016,LU,Hydraulique,0.03,2
2016,LU,Photovoltaïque,20.03715,532
2016,NE,Biomasse,0.68,1
2016,NE,Hydraulique,2.0,2
2016,NE,Photovoltaïque,6.8998,385
2016,NW,Photovoltaïque,1.55518,25
2016,OW,Photovoltaïque,1.38908,49
2016,SG,Gaz naturel,0.22,8
2016,SG,Hydraulique,0.015,1
2016,SG,Photovoltaïque,21.30176,849
2016,SG,Éolien,0.083,1
2016,SH,Photovoltaïque,1.79683,124
2016,SO,Biomasse,0.056,1
2016,SO,Photovoltaïque,7.2426699999999995,260
2016,SZ,Hydraulique,2.2750000000000004,2
2016,SZ,Photovoltaïque,3.94388,146
2016,TG,Biomasse,0.175,1
2016,TG,Hydraulique,0.964,1
2016,TG,Photovoltaïque,17.60136,535
2016,TI,Gaz naturel,0.147,3
2016,TI,Hydraulique,0.2117,3
2016,TI,Photovoltaïque,8.9267,553
2016,UR,Hydraulique,4.644,2
2016,UR,Photovoltaïque,0.45707,36
2016,VD,Biomasse,0.851,1
2016,VD,Hydraulique,0.08,1
2016,VD,Photovoltaïque,40.002250000000004,1761
2016,VS,Biomasse,0.024,1
2016,VS,Hydraulique,7.7700000000000005,13
2016,VS,Photovoltaïque,9.14769,532
2016,VS,Éolien,7.050000000000001,3
2016,ZG,Hydraulique,0.00272,1
2016,ZG,Photovoltaïque,3.54371,108
2016,ZH,Biomasse,0.001,1
2016,ZH,Déchets,3.1,1
2016,ZH,Photovoltaïque,25.12857,970
2017,AG,Biomasse,3.0,2
2017,AG,Hydraulique,0.075,1
2017,AG,Photovoltaïque,15.51985,764
2017,AI,Photovoltaïque,0.99052,48
2017,AR,Photovoltaïque,1.5125,102
2017,BE,Biomasse,0.49,2
2017,BE,Hydraulique,7.2195,6
2017,BE,Photovoltaïque,24.65016,1295
2017,BL,Photovoltaïque,6.24137,420
2017,BS,Photovoltaïque,3.61396,118
2017,FR,Biomasse,0.103,1
2017,FR,Photovoltaïque,17.84665,1114
2017,GE,Photovoltaïque,5.25567,347
2017,GL,Hydraulique,3.5335,3
2017,GL,Photovoltaïque,0.42911,33
2017,GR,Hydraulique,14.671,6
2017,GR,Photovoltaïque,6.85449,326
2017,JU,Biomasse,1.4,1
2017,JU,Photovoltaïque,4.06997,245
2017,LU,Biomasse,3.036,1
2017,LU,Gaz naturel,3.236,2
2017,LU,Photovoltaïque,17.44048,619
2017,NE,Photovoltaïque,6.30597,467
2017,NW,Photovoltaïque,0.45444,26
2017,OW,Photovoltaïque,2.05579,42
2017,SG,Gaz naturel,2.455,7
2017,SG,Hydraulique,0.15000000000000002,3
2017,SG,Photovoltaïque,15.570780000000001,827
2017,SH,Photovoltaïque,3.0232200000000002,153
2017,SO,Photovoltaïque,6.9420399999999995,299
2017,SZ,Hydraulique,0.046,2
2017,SZ,Photovoltaïque,3.45065,173
2017,TG,Biomasse,0.075,1
2017,TG,Photovoltaïque,12.29192,578
2017,TI,Biomasse,0.15,1
2017,TI,Gaz naturel,0.05,1
2017,TI,Hydraulique,0.016,1
2017,TI,Photovoltaïque,11.80436,761
2017,UR,Hydraulique,12.5405,3
2017,UR,Photovoltaïque,0.4051,37
2017,VD,Biomasse,0.195,1
2017,VD,Gaz naturel,0.12,1
2017,VD,Hydraulique,0.20500000000000002,2
2017,VD,Photovoltaïque,26.98576,2340
2017,VS,Hydraulique,10.558,9
2017,VS,Photovoltaïque,10.572000000000001,733
2017,ZG,Photovoltaïque,3.96094,105
2017,ZH,Biomasse,0.08,1
2017,ZH,Photovoltaïque,24.97199,1231
2018,AG,Biomasse,0.221,1
2018,AG,Photovoltaïque,17.16176,754
2018,AI,Photovoltaïque,0.75605,46
2018,AR,Photovoltaïque,1.56665,93
2018,BE,Biomasse,0.128,3
2018,BE,Hydraulique,0.898,3
2018,BE,Photovoltaïque,28.07504,1313
2018,BL,Photovoltaïque,4.90994,374
2018,BS,Photovoltaïque,2.98291,102
2018,FR,Gaz naturel,1.49,1
2018,FR,Hydraulique,0.045,1
2018,FR,Photovoltaïque,17.25258,1117
2018,GE,Gaz naturel,0.02,1
2018,GE,Photovoltaïque,6.63347,321
2018,GL,Hydraulique,0.58,1
2018,GL,Photovoltaïque,1.04615,35
2018,GR,Hydraulique,0.5924,4
2018,GR,Photovoltaïque,6.15775,295
2018,JU,Photovoltaïque,3.97058,270
2018,LU,Biomasse,0.8069999999999999,3
2018,LU,Photovoltaïque,19.19373,601
2018,NE,Photovoltaïque,7.93591,475
2018,NW,Photovoltaïque,1.50044,28
2018,OW,Photovoltaïque,1.50643,53
2018,SG,Biomasse,0.25,1
2018,SG,Gaz naturel,0.9600000000000001,6
2018,SG,Hydraulique,8.6974,10
2018,SG,Photovoltaïque,19.74569,957
2018,SH,Biomasse,0.018,1
2018,SH,Photovoltaïque,1.6188799999999999,73
2018,SO,Photovoltaïque,8.26799,304
2018,SZ,Biomasse,0.30900000000000005,3
2018,SZ,Photovoltaïque,3.82175,159
2018,TG,Biomasse,0.3,1
2018,TG,Photovoltaïque,12.87799,521
2018,TI,Biomasse,0.26,1
2018,TI,Hydraulique,3.3449999999999998,2
2018,TI,Photovoltaïque,10.6577,658
2018,UR,Hydraulique,2.365,1
2018,UR,Photovoltaïque,0.83602,40
2018,VD,Biomasse,0.89,1
2018,VD,Photovoltaïque,26.88449,2478
2018,VS,Biomasse,0.127,2
2018,VS,Hydraulique,22.785,8
2018,VS,Photovoltaïque,13.76277,783
2018,ZG,Photovoltaïque,3.32567,118
2018,ZH,Biomasse,0.5740000000000001,2
2018,ZH,Gaz naturel,0.19,2
2018,ZH,Hydraulique,0.269,3
2018,ZH,Photovoltaïque,24.95081,1164
2019,AG,Biomasse,8.314,2
2019,AG,Photovoltaïque,23.1846,1006
2019,AI,Photovoltaïque,0.9276,51
2019,AR,Hydraulique,0.81,1
2019,AR,Photovoltaïque,2.49959,116
2019,BE,Biomasse,0.444,3
2019,BE,Hydraulique,0.0185,1
2019,BE,Photovoltaïque,35.37862,1518
2019,BL,Photovoltaïque,6.60199,358
2019,BS,Biomasse,8.85,1
2019,BS,Hydraulique,0.0185,1
2019,BS,Photovoltaïque,1.90105,114
2019,FR,Photovoltaïque,18.79816,1166
2019,GE,Photovoltaïque,7.88465,393
2019,GL,Photovoltaïque,0.9494900000000001,50
2019,GR,Gaz naturel,6.28,1
2019,GR,Hydraulique,3.362,8
2019,GR,Photovoltaïque,7.91022,359
2019,JU,Photovoltaïque,4.98972,267
2019,LU,Photovoltaïque,30.37451,720
2019,NE,Photovoltaïque,8.22836,434
2019,NW,Photovoltaïque,0.67645,42
2019,OW,Hydraulique,0.152,3
2019,OW,Photovoltaïque,2.19731,86
2019,SG,Gaz naturel,0.06,2
2019,SG,Hydraulique,5.074999999999999,3
2019,SG,Photovoltaïque,28.29702,979
2019,SH,Photovoltaïque,1.57305,104
2019,SO,Photovoltaïque,6.29355,327
2019,SZ,Hydraulique,0.159,3
2019,SZ,Photovoltaïque,6.188070000000001,193
2019,TG,Photovoltaïque,15.34581,630
2019,TI,Biomasse,0.149,1
2019,TI,Hydraulique,5.246,2
2019,TI,Photovoltaïque,12.1846,735
2019,UR,Hydraulique,5.508,2
2019,UR,Photovoltaïque,0.60588,40
2019,VD,Biomasse,0.037,1
2019,VD,Hydraulique,0.773,1
2019,VD,Photovoltaïque,33.47803,2464
2019,VS,Hydraulique,13.25,10
2019,VS,Photovoltaïque,14.09803,948
2019,ZG,Photovoltaïque,4.13505,111
2019,ZH,Biomasse,0.13,1
2019,ZH,Gaz naturel,0.06,2
2019,ZH,Photovoltaïque,32.74049,1320
2020,AG,Photovoltaïque,41.00188,1518
2020,AI,Photovoltaïque,2.24578,81
2020,AR,Photovoltaïque,4.48863,165
2020,BE,Biomasse,0.55,2
2020,BE,Hydraulique,0.3246,2
2020,BE,Photovoltaïque,51.75505,2281
2020,BL,Biomasse,0.13,1
2020,BL,Photovoltaïque,12.4352,600
2020,BS,Photovoltaïque,3.83948,156
2020,FR,Biomasse,0.77,1
2020,FR,Photovoltaïque,22.64046,1457
2020,GE,Photovoltaïque,7.96241,435
2020,GL,Photovoltaïque,2.72404,93
2020,GR,Biomasse,0.098,2
2020,GR,Hydraulique,1.237,4
2020,GR,Photovoltaïque,14.41821,501
2020,JU,Biomasse,1.182,3
2020,JU,Photovoltaïque,9.2924,390
2020,LU,Biomasse,1.4220000000000002,2
2020,LU,Photovoltaïque,36.700160000000004,995
2020,NE,Photovoltaïque,9.52366,545
2020,NW,Photovoltaïque,1.9812400000000001,74
2020,OW,Photovoltaïque,2.87601,96
2020,SG,Gaz naturel,0.05,2
2020,SG,Hydraulique,0.895,1
2020,SG,Photovoltaïque,38.43267,1447
2020,SH,Photovoltaïque,3.91695,200
2020,SO,Photovoltaïque,11.6679,516
2020,SZ,Biomasse,7.88,1
2020,SZ,Photovoltaïque,11.62129,262
2020,TG,Biomasse,0.10500000000000001,2
2020,TG,Hydraulique,0.82,1
2020,TG,Photovoltaïque,31.34135,1009
2020,TI,Photovoltaïque,14.99532,897
2020,TI,Éolien,12.75,5
2020,UR,Hydraulique,12.433,2
2020,UR,Photovoltaïque,1.87697,64
2020,VD,Biomasse,0.7769,4
2020,VD,Photovoltaïque,40.64596,2664
2020,VS,Hydraulique,7.3420000000000005,5
2020,VS,Photovoltaïque,18.10936,989
2020,ZG,Photovoltaïque,7.82641,189
2020,ZH,Biomasse,0.427,3
2020,ZH,Gaz naturel,0.02,1
2020,ZH,Hydraulique,4.365,3
2020,ZH,Photovoltaïque,48.30892,1864
2021,AG,Photovoltaïque,57.88774,1809
2021,AI,Photovoltaïque,2.22481,76
2021,AR,Photovoltaïque,3.90064,167
2021,BE,Biomasse,12.6,2
2021,BE,Hydraulique,0.384,1
2021,BE,Photovoltaïque,63.27917,2600
2021,BL,Photovoltaïque,17.33695,773
2021,BS,Photovoltaïque,5.23039,230
2021,FR,Photovoltaïque,29.59204,1751
2021,GE,Photovoltaïque,12.68971,680
2021,GL,Photovoltaïque,4.45568,150
2021,GR,Biomasse,0.134,3
2021,GR,Hydraulique,2.0,1
2021,GR,Photovoltaïque,14.42071,573
2021,JU,Photovoltaïque,9.466899999999999,485
2021,LU,Photovoltaïque,40.25814,1113
2021,NE,Biomasse,0.629,1
2021,NE,Photovoltaïque,12.62838,617
2021,NW,Hydraulique,0.34,1
2021,NW,Photovoltaïque,4.87117,77
2021,OW,Photovoltaïque,2.5851800000000003,109
2021,SG,Gaz naturel,0.07,2
2021,SG,Hydraulique,16.45,2
2021,SG,Photovoltaïque,51.8871,2003
2021,SH,Biomasse,0.36,1
2021,SH,Photovoltaïque,5.2620700000000005,215
2021,SO,Hydraulique,0.09,1
2021,SO,Photovoltaïque,15.56934,686
2021,SZ,Hydraulique,0.0275,1
2021,SZ,Photovoltaïque,9.92546,308
2021,TG,Photovoltaïque,34.92017,1233
2021,TI,Hydraulique,0.093,1
2021,TI,Photovoltaïque,20.04799,1167
2021,UR,Hydraulique,0.0185,1
2021,UR,Photovoltaïque,2.80152,80
2021,VD,Biomasse,0.629,1
2021,VD,Photovoltaïque,44.8552,2684
2021,VS,Photovoltaïque,26.837500000000002,1183
2021,ZG,Photovoltaïque,7.8620399999999995,221
2021,ZH,Biomasse,0.296,1
2021,ZH,Photovoltaïque,70.72246,2330
2022,AG,Biomasse,0.115,1
2022,AG,Photovoltaïque,78.54003,2498
2022,AI,Photovoltaïque,3.83548,145
2022,AR,Photovoltaïque,9.241389999999999,453
2022,BE,Biomasse,0.046,1
2022,BE,Hydraulique,1.215,1
2022,BE,Photovoltaïque,93.11457,3882
2022,BL,Photovoltaïque,20.12716,944
2022,BS,Photovoltaïque,5.3799,209
2022,FR,Photovoltaïque,45.37228,2513
2022,GE,Photovoltaïque,17.44395,1010
2022,GL,Photovoltaïque,3.5881,209
2022,GR,Biomasse,0.757,1
2022,GR,Hydraulique,3.081,3
2022,GR,Photovoltaïque,16.22661,793
2022,JU,Photovoltaïque,13.67169,694
2022,LU,Biomasse,0.45940000000000003,3
2022,LU,Photovoltaïque,48.61549,1646
2022,NE,Photovoltaïque,16.56093,936
2022,NW,Photovoltaïque,2.25462,95
2022,OW,Photovoltaïque,4.6321900000000005,151
2022,SG,Gaz naturel,4.177,5
2022,SG,Hydraulique,0.134,2
2022,SG,Photovoltaïque,65.73918,2888
2022,SH,Photovoltaïque,6.02388,297
2022,SO,Hydraulique,1.29,2
2022,SO,Photovoltaïque,29.08436,996
2022,SZ,Biomasse,6.452,1
2022,SZ,Photovoltaïque,15.35635,502
2022,TG,Biomasse,0.245,1
2022,TG,Photovoltaïque,47.44997,1823
2022,TI,Hydraulique,0.604,3
2022,TI,Photovoltaïque,33.72563,1856
2022,UR,Hydraulique,4.05,1
2022,UR,Photovoltaïque,4.16496,128
2022,VD,Biomasse,0.46,3
2022,VD,Hydraulique,0.853,2
2022,VD,Photovoltaïque,66.35776,3540
2022,VS,Biomasse,6.75,1
2022,VS,Hydraulique,945.38,3
2022,VS,Photovoltaïque,35.55283,2077
2022,ZG,Biomasse,0.056,1
2022,ZG,Hydraulique,0.23,1
2022,ZG,Photovoltaïque,11.83612,317
2022,ZH,Biomasse,0.263,2
2022,ZH,Gaz naturel,0.02,1
2022,ZH,Photovoltaïque,81.9025,3148
2022,ZH,Éolien,0.0021000000000000003,1
2023,AG,Biomasse,0.185,1
2023,AG,Photovoltaïque,130.07997,4733
2023,AI,Photovoltaïque,4.21114,188
2023,AR,Photovoltaïque,16.61397,731
2023,BE,Biomasse,0.2047,2
2023,BE,Hydraulique,8.3,1
2023,BE,Photovoltaïque,192.70742,7450
2023,BL,Biomasse,0.053,1
2023,BL,Photovoltaïque,51.53467,1983
2023,BS,Photovoltaïque,8.23338,372
2023,FR,Photovoltaïque,82.02562,3990
2023,GE,Photovoltaïque,29.43149,1799
2023,GL,Hydraulique,0.22499999999999998,2
2023,GL,Photovoltaïque,8.69777,293
2023,GR,Biomasse,0.035,1
2023,GR,Hydraulique,1.7,1
2023,GR,Photovoltaïque,32.71836,1459
2023,JU,Photovoltaïque,27.00594,1262
2023,LU,Hydraulique,1.6,1
2023,LU,Photovoltaïque,120.95998,3305
2023,NE,Photovoltaïque,36.97663,1353
2023,NW,Biomasse,0.769,1
2023,NW,Photovoltaïque,8.39283,237
2023,OW,Photovoltaïque,9.09442,291
2023,SG,Biomasse,0.156,1
2023,SG,Gaz naturel,0.04,1
2023,SG,Hydraulique,0.09,1
2023,SG,Photovoltaïque,138.76374,4718
2023,SH,Photovoltaïque,16.49785,560
2023,SO,Photovoltaïque,53.1592,1881
2023,SZ,Hydraulique,0.0135,1
2023,SZ,Photovoltaïque,33.70792,1056
2023,TG,Biomasse,5.92,1
2023,TG,Photovoltaïque,90.76236,3344
2023,TI,Photovoltaïque,75.02296,3594
2023,UR,Biomasse,0.39,1
2023,UR,Photovoltaïque,4.49613,206
2023,VD,Hydraulique,1.202,2
2023,VD,Photovoltaïque,130.00056,6702
2023,VS,Hydraulique,1.7515,3
2023,VS,Photovoltaïque,72.59953,3990
2023,ZG,Photovoltaïque,19.52891,524
2023,ZH,Gaz naturel,0.115,1
2023,ZH,Photovoltaïque,146.97428,5673
2024,AG,Biomasse,0.209,2
2024,AG,Photovoltaïque,155.47876,5125
2024,AI,Photovoltaïque,6.05346,177
2024,AR,Photovoltaïque,18.67562,715
2024,BE,Biomasse,0.3195,6
2024,BE,Photovoltaïque,206.46683,7159
2024,BL,Biomasse,0.241,1
2024,BL,Photovoltaïque,53.10936,2027
2024,BS,Photovoltaïque,13.14036,394
2024,FR,Biomasse,0.049,1
2024,FR,Photovoltaïque,92.37993,3695
2024,GE,Photovoltaïque,27.51043,1474
2024,GL,Gaz naturel,0.478,1
2024,GL,Hydraulique,6.0,1
2024,GL,Photovoltaïque,8.10826,223
2024,GR,Biomasse,0.03,1
2024,GR,Hydraulique,38.324,2
2024,GR,Photovoltaïque,39.38691,1557
2024,JU,Photovoltaïque,20.07719,956
2024,LU,Biomasse,0.16,2
2024,LU,Photovoltaïque,111.37782,2914
2024,NE,Photovoltaïque,35.86184,1188
2024,NW,Photovoltaïque,6.08489,185
2024,OW,Photovoltaïque,7.39449,216
2024,SG,Gaz naturel,0.04,1
2024,SG,Hydraulique,0.0184,1
2024,SG,Photovoltaïque,138.4647,4212
2024,SH,Photovoltaïque,16.55784,601
2024,SO,Photovoltaïque,69.01648,2115
2024,SZ,Biomasse,0.0828,2
2024,SZ,Photovoltaïque,27.0364,926
2024,TG,Photovoltaïque,95.16448,2950
2024,TI,Biomasse,0.02,1
2024,TI,Hydraulique,0.015,1
2024,TI,Photovoltaïque,77.64839,2784
2024,UR,Photovoltaïque,6.4554599999999995,240
2024,VD,Hydraulique,2.25,1
2024,VD,Photovoltaïque,129.99869,5655
2024,VD,Éolien,14.100000000000001,6
2024,VS,Hydraulique,0.2,1
2024,VS,Photovoltaïque,77.92394,3425
2024,ZG,Photovoltaïque,25.6471,553
2024,ZH,Photovoltaïque,193.40005,6098
2025,AG,Biomasse,0.5454,3
2025,AG,Photovoltaïque,114.09354,3473
2025,AI,Photovoltaïque,3.55212,145
2025,AR,Photovoltaïque,13.05545,561
2025,BE,Biomasse,0.08199999999999999,3
2025,BE,Hydraulique,11.4,1
2025,BE,Photovoltaïque,127.03322,4275
2025,BE,Éolien,2.0,1
2025,BL,Photovoltaïque,28.75931,1327
2025,BS,Photovoltaïque,6.64194,244
2025,FR,Biomasse,0.03,1
2025,FR,Photovoltaïque,51.77507,1901
2025,GE,Photovoltaïque,19.75029,769
2025,GL,Hydraulique,0.109,1
2025,GL,Photovoltaïque,3.35448,119
2025,GR,Biomasse,1.5995000000000001,6
2025,GR,Photovoltaïque,31.55144,1092
2025,JU,Biomasse,0.14,1
2025,JU,Photovoltaïque,14.33161,481
2025,LU,Biomasse,0.7600000000000001,4
2025,LU,Hydraulique,1.08,1
2025,LU,Photovoltaïque,71.54558,1815
2025,NE,Photovoltaïque,19.17456,645
2025,NW,Photovoltaïque,4.1410100000000005,118
2025,OW,Photovoltaïque,3.57764,125
2025,SG,Hydraulique,0.04,2
2025,SG,Photovoltaïque,84.87506,2751
2025,SH,Hydraulique,0.346,1
2025,SH,Photovoltaïque,13.12389,453
2025,SO,Photovoltaïque,44.246340000000004,1395
2025,SZ,Biomasse,0.08,2
2025,SZ,Photovoltaïque,20.72116,652
2025,TG,Biomasse,0.569,5
2025,TG,Photovoltaïque,54.18067,1744
2025,TI,Photovoltaïque,38.02053,1536
2025,UR,Photovoltaïque,5.17985,141
2025,UR,Éolien,9.2,4
2025,VD,Photovoltaïque,85.15785,2996
2025,VS,Photovoltaïque,45.35418,1825
2025,ZG,Photovoltaïque,14.31674,354
2025,ZH,Biomasse,0.122,2
2025,ZH,Photovoltaïque,146.56191,4573
2026,AG,Biomasse,0.04,1
2026,AG,Photovoltaïque,8.55709,323
2026,AI,Photovoltaïque,0.24341,17
2026,AR,Photovoltaïque,0.62588,28
2026,BE,Biomasse,0.15,1
2026,BE,Photovoltaïque,8.1216,324
2026,BL,Photovoltaïque,4.1826,180
2026,BS,Photovoltaïque,0.6709200000000001,27
2026,FR,Photovoltaïque,13.57767,181
2026,GE,Photovoltaïque,2.59054,78
2026,GL,Photovoltaïque,0.16233,12
2026,GR,Biomasse,0.16,1
2026,GR,Photovoltaïque,3.07772,112
2026,JU,Photovoltaïque,0.29963,19
2026,LU,Photovoltaïque,6.49289,191
2026,NE,Biomasse,0.1,1
2026,NE,Photovoltaïque,2.1975000000000002,61
2026,NW,Photovoltaïque,0.5999099999999999,12
2026,OW,Photovoltaïque,0.22147,14
2026,SG,Photovoltaïque,6.60628,240
2026,SH,Photovoltaïque,1.68893,54
2026,SO,Photovoltaïque,3.21422,133
2026,SZ,Photovoltaïque,1.69786,44
2026,TG,Photovoltaïque,7.3057,190
2026,TI,Photovoltaïque,11.472,401
2026,UR,Photovoltaïque,0.33347,18
2026,VD,Photovoltaïque,5.8497,219
2026,VS,Photovoltaïque,1.83745,102
2026,ZG,Photovoltaïque,1.07896,39
2026,ZH,Biomasse,0.078,1
2026,ZH,Photovoltaïque,16.55868,497
