glacier,glacier_id,annee,bilan_hiver,bilan_ete,bilan_annuel,ligne_equilibre,surface_km2,bilan_cumule
Adlergletscher,B56-14,2006,472,-989,-517,3515,2.04188,-517
Adlergletscher,B56-14,2007,328,-457,-129,3405,2.04188,-646
Adlergletscher,B56-14,2008,436,-878,-442,3475,2.0325,-1088
Adlergletscher,B56-14,2009,1240,-1452,-212,3415,2.02688,-1300
Adlergletscher,B56-14,2010,496,-922,-426,3475,2.0175,-1726
Adlergletscher,B56-14,2011,649,-1180,-531,3465,2.02188,-2257
Adlergletscher,B56-14,2012,935,-1711,-776,3535,2.01313,-3033
Adlergletscher,B56-14,2013,975,-849,126,3385,2.01063,-2907
Adlergletscher,B56-14,2014,1098,-855,243,3365,2.01063,-2664
Adlergletscher,B56-14,2015,1004,-1370,-366,3525,2.01063,-3030
Adlergletscher,B56-14,2016,700,-1298,-598,3525,1.98937,-3628
Adlergletscher,B56-14,2017,717,-1663,-946,3615,1.97938,-4574
Adlergletscher,B56-14,2018,1332,-1803,-471,3475,1.97938,-5045
Adlergletscher,B56-14,2019,1027,-1930,-903,3695,1.97938,-5948
Adlergletscher,B56-14,2020,1023,-1577,-554,3495,1.97938,-6502
Adlergletscher,B56-14,2021,998,-1356,-358,3475,1.97938,-6860
Adlergletscher,B56-14,2022,360,-3380,-3020,4187,1.97938,-9880
Adlergletscher,B56-14,2023,492,-2504,-2012,4100,1.97938,-11892
Adlergletscher,B56-14,2024,1171,-2053,-882,3685,1.95625,-12774
Allalingletscher,B52-29,1956,1012,-779,233,3145,9.97312,233
Allalingletscher,B52-29,1957,1012,-679,333,3085,10.0225,566
Allalingletscher,B52-29,1958,1190,-1559,-369,3345,10.02063,197
Allalingletscher,B52-29,1959,1172,-1097,75,3165,10.0175,272
Allalingletscher,B52-29,1960,1162,-579,583,3065,10.01313,855
Allalingletscher,B52-29,1961,1410,-1705,-295,3345,10.01188,560
Allalingletscher,B52-29,1962,1063,-725,338,3075,10.00938,898
Allalingletscher,B52-29,1963,1168,-1035,133,3165,10.0075,1031
Allalingletscher,B52-29,1964,1091,-687,404,3075,10.00375,1435
Allalingletscher,B52-29,1965,906,-684,222,3155,10.00313,1657
Allalingletscher,B52-29,1966,1146,-1128,18,3265,10.00125,1675
Allalingletscher,B52-29,1967,1076,-726,350,3085,9.99437,2025
Allalingletscher,B52-29,1968,575,-396,179,3135,9.96937,2204
Allalingletscher,B52-29,1969,1381,-835,546,3005,9.97625,2750
Allalingletscher,B52-29,1970,794,-931,-137,3305,9.98687,2613
Allalingletscher,B52-29,1971,771,-892,-121,3265,9.99875,2492
Allalingletscher,B52-29,1972,988,-685,303,3085,10.01062,2795
Allalingletscher,B52-29,1973,824,-1094,-270,3315,10.02812,2525
Allalingletscher,B52-29,1974,1196,-695,501,3005,10.04938,3026
Allalingletscher,B52-29,1975,969,-1211,-242,3325,10.0675,2784
Allalingletscher,B52-29,1976,924,-888,36,3165,10.0925,2820
Allalingletscher,B52-29,1977,2153,-423,1730,2425,10.11625,4550
Allalingletscher,B52-29,1978,1807,-639,1168,2785,10.14625,5718
Allalingletscher,B52-29,1979,808,-1079,-271,3325,10.17563,5447
Allalingletscher,B52-29,1980,1526,-950,576,3005,10.20563,6023
Allalingletscher,B52-29,1981,1043,-752,291,3095,10.23375,6314
Allalingletscher,B52-29,1982,1116,-1989,-873,3435,10.35938,5441
Allalingletscher,B52-29,1983,1430,-1837,-407,3475,10.28688,5034
Allalingletscher,B52-29,1984,873,-631,242,3085,10.2525,5276
Allalingletscher,B52-29,1985,1072,-1972,-900,3605,10.21813,4376
Allalingletscher,B52-29,1986,1622,-2075,-453,3375,10.17625,3923
Allalingletscher,B52-29,1987,651,-1919,-1268,4164,10.1425,2655
Allalingletscher,B52-29,1988,1165,-1399,-234,3315,10.10313,2421
Allalingletscher,B52-29,1989,970,-1605,-635,3475,10.07625,1786
Allalingletscher,B52-29,1990,592,-2005,-1413,4184,10.05375,373
Allalingletscher,B52-29,1991,1308,-2428,-1120,3695,10.0,-747
Allalingletscher,B52-29,1992,981,-1292,-311,3305,10.07813,-1058
Allalingletscher,B52-29,1993,1380,-625,755,2975,10.04938,-303
Allalingletscher,B52-29,1994,1153,-2024,-871,3495,10.01688,-1174
Allalingletscher,B52-29,1995,1239,-619,620,2995,9.98,-554
Allalingletscher,B52-29,1996,542,-955,-413,3345,9.94187,-967
Allalingletscher,B52-29,1997,859,-1130,-271,3315,9.91313,-1238
Allalingletscher,B52-29,1998,444,-1645,-1201,3735,9.89687,-2439
Allalingletscher,B52-29,1999,1014,-1240,-226,3315,9.84187,-2665
Allalingletscher,B52-29,2000,834,-898,-64,3265,9.80625,-2729
Allalingletscher,B52-29,2001,800,-389,411,3095,9.77688,-2318
Allalingletscher,B52-29,2002,933,-585,348,3145,9.7525,-1970
Allalingletscher,B52-29,2003,1060,-2304,-1244,3575,9.72875,-3214
Allalingletscher,B52-29,2004,496,-1220,-724,3505,9.68,-3938
Allalingletscher,B52-29,2005,828,-1589,-761,3425,9.5525,-4699
Allalingletscher,B52-29,2006,704,-1610,-906,3495,9.54312,-5605
Allalingletscher,B52-29,2007,871,-572,299,3165,9.53,-5306
Allalingletscher,B52-29,2008,672,-1402,-730,3445,9.46312,-6036
Allalingletscher,B52-29,2009,1292,-1430,-138,3325,9.85187,-6174
Allalingletscher,B52-29,2010,935,-1692,-757,3595,9.82125,-6931
Allalingletscher,B52-29,2011,363,-1389,-1026,3705,9.76875,-7957
Allalingletscher,B52-29,2012,1054,-2140,-1086,3635,9.71125,-9043
Allalingletscher,B52-29,2013,1349,-1112,237,3145,9.71125,-8806
Allalingletscher,B52-29,2014,1179,-968,211,3165,9.65875,-8595
Allalingletscher,B52-29,2015,1002,-1573,-571,3435,9.65875,-9166
Allalingletscher,B52-29,2016,853,-1698,-845,3735,9.65875,-10011
Allalingletscher,B52-29,2017,621,-2153,-1532,4165,9.64625,-11543
Allalingletscher,B52-29,2018,1127,-1972,-845,3585,9.64625,-12388
Allalingletscher,B52-29,2019,981,-1559,-578,3485,9.55312,-12966
Allalingletscher,B52-29,2020,1108,-1513,-405,3425,9.55312,-13371
Allalingletscher,B52-29,2021,790,-1222,-432,3435,9.55312,-13803
Allalingletscher,B52-29,2022,452,-2836,-2384,4187,9.55312,-16187
Allalingletscher,B52-29,2023,706,-3048,-2342,4255,9.51688,-18529
Allalingletscher,B52-29,2024,1093,-1936,-843,3595,8.67375,-19372
Allalingletscher,B52-29,2025,996,-1852,-856,3505,8.67375,-20228
Alphubelgletscher N,B55-15,2016,551,-937,-386,3842,0.0848,-386
Alphubelgletscher N,B55-15,2017,517,-1490,-973,3928,0.0848,-1359
Alphubelgletscher N,B55-15,2018,946,-1152,-206,3817,0.0848,-1565
Alphubelgletscher N,B55-15,2019,813,-1482,-669,3886,0.0848,-2234
Alphubelgletscher N,B55-15,2020,845,-875,-30,3802,0.0848,-2264
Alphubelgletscher N,B55-15,2021,647,-399,248,3747,0.0681,-2016
Alphubelgletscher N,B55-15,2022,478,-1643,-1165,3941,0.0681,-3181
Alphubelgletscher N,B55-15,2023,731,-1728,-997,3920,0.0681,-4178
Alphubelgletscher N,B55-15,2024,865,-1368,-503,3832,0.0681,-4681
Alphubelgletscher N,B55-15,2025,843,-1246,-403,3832,0.0681,-5084
Chessjengletscher,B52-33,1956,1201,-1501,-300,2997,0.62187,-300
Chessjengletscher,B52-33,1957,1073,-997,76,2937,0.61562,-224
Chessjengletscher,B52-33,1958,1453,-1977,-524,3047,0.61375,-748
Chessjengletscher,B52-33,1959,1302,-2087,-785,3072,0.61125,-1533
Chessjengletscher,B52-33,1960,1252,-923,329,2912,0.61,-1204
Chessjengletscher,B52-33,1961,1609,-2109,-500,3037,0.60875,-1704
Chessjengletscher,B52-33,1962,1251,-1413,-162,2997,0.60813,-1866
Chessjengletscher,B52-33,1963,1356,-1350,6,2947,0.60562,-1860
Chessjengletscher,B52-33,1964,1323,-2075,-752,3077,0.60438,-2612
Chessjengletscher,B52-33,1965,873,-758,115,2937,0.60188,-2497
Chessjengletscher,B52-33,1966,1564,-1493,71,2937,0.59937,-2426
Chessjengletscher,B52-33,1967,1326,-654,672,2852,0.57688,-1754
Chessjengletscher,B52-33,1968,717,-1156,-439,3027,0.56312,-2193
Chessjengletscher,B52-33,1969,1620,-1465,155,2932,0.5625,-2038
Chessjengletscher,B52-33,1970,1454,-1839,-385,3027,0.55937,-2423
Chessjengletscher,B52-33,1971,1321,-1493,-172,2997,0.55812,-2595
Chessjengletscher,B52-33,1972,1054,-686,368,2852,0.55563,-2227
Chessjengletscher,B52-33,1973,995,-2021,-1026,3137,0.55188,-3253
Chessjengletscher,B52-33,1974,1372,-1502,-130,2997,0.54812,-3383
Chessjengletscher,B52-33,1975,1460,-1493,-33,2967,0.54563,-3416
Chessjengletscher,B52-33,1976,1024,-1231,-207,3002,0.54438,-3623
Chessjengletscher,B52-33,1977,2777,-1033,1744,2857,0.54125,-1879
Chessjengletscher,B52-33,1978,2064,-850,1214,2857,0.54125,-665
Chessjengletscher,B52-33,1979,1087,-1344,-257,3022,0.53938,-922
Chessjengletscher,B52-33,1980,1820,-938,882,2857,0.53875,-40
Chessjengletscher,B52-33,1981,1327,-768,559,2857,0.53563,519
Chessjengletscher,B52-33,1982,1469,-2649,-1180,3172,0.52438,-661
Chessjengletscher,B52-33,1983,1597,-2974,-1377,3212,0.51938,-2038
Chessjengletscher,B52-33,1984,1173,-1124,49,2967,0.51625,-1989
Chessjengletscher,B52-33,1985,1678,-2061,-383,3027,0.51313,-2372
Chessjengletscher,B52-33,1986,1889,-2544,-655,3082,0.51187,-3027
Chessjengletscher,B52-33,1987,1022,-2023,-1001,3177,0.50938,-4028
Chessjengletscher,B52-33,1988,1380,-2346,-966,3137,0.50813,-4994
Chessjengletscher,B52-33,1989,1346,-2172,-826,3127,0.50562,-5820
Chessjengletscher,B52-33,1990,1383,-2388,-1005,3137,0.50062,-6825
Chessjengletscher,B52-33,1991,1197,-3336,-2139,3293,0.48125,-8964
Chessjengletscher,B52-33,1992,1621,-1530,91,2957,0.45625,-8873
Chessjengletscher,B52-33,1993,1248,-1055,193,2932,0.455,-8680
Chessjengletscher,B52-33,1994,1639,-2162,-523,3042,0.455,-9203
Chessjengletscher,B52-33,1995,1697,-1735,-38,2982,0.45375,-9241
Chessjengletscher NW,B53-14,2018,1703,-3102,-1399,3092,0.3357,-1399
Chessjengletscher NW,B53-14,2019,1594,-3031,-1437,3117,0.3357,-2836
Chessjengletscher NW,B53-14,2020,1640,-2114,-474,3057,0.3357,-3310
Chessjengletscher NW,B53-14,2021,1242,-1762,-520,3077,0.2046,-3830
Chessjengletscher NW,B53-14,2022,872,-3557,-2685,3417,0.2046,-6515
Chessjengletscher NW,B53-14,2023,1371,-2685,-1314,3137,0.2046,-7829
Chessjengletscher NW,B53-14,2024,1666,-2421,-755,3077,0.2046,-8584
Chessjengletscher NW,B53-14,2025,1432,-2195,-763,3102,0.2046,-9347
Claridenfirn,A50i-19,1915,1559,-729,830,2455,6.8225,830
Claridenfirn,A50i-19,1916,1630,-302,1328,2425,6.80687,2158
Claridenfirn,A50i-19,1917,1330,-1490,-160,2735,6.78937,1998
Claridenfirn,A50i-19,1918,1461,-434,1027,2445,6.7625,3025
Claridenfirn,A50i-19,1919,1582,-782,800,2435,6.74812,3825
Claridenfirn,A50i-19,1920,1685,-1489,196,2685,6.73438,4021
Claridenfirn,A50i-19,1921,670,-2789,-2119,3135,6.71312,1902
Claridenfirn,A50i-19,1922,1514,-1028,486,2665,6.69625,2388
Claridenfirn,A50i-19,1923,1570,-1140,430,2635,6.675,2818
Claridenfirn,A50i-19,1924,1368,-907,461,2635,6.66,3279
Claridenfirn,A50i-19,1925,1286,-859,427,2665,6.64375,3706
Claridenfirn,A50i-19,1926,1493,-1622,-129,2695,6.62375,3577
Claridenfirn,A50i-19,1927,1869,-1063,806,2615,6.60125,4383
Claridenfirn,A50i-19,1928,1158,-3042,-1884,3125,6.58563,2499
Claridenfirn,A50i-19,1929,1651,-2816,-1165,2995,6.56875,1334
Claridenfirn,A50i-19,1930,1078,-916,162,2695,6.54563,1496
Claridenfirn,A50i-19,1931,1721,-1182,539,2615,6.5275,2035
Claridenfirn,A50i-19,1932,1077,-1981,-904,2985,6.50812,1131
Claridenfirn,A50i-19,1933,1049,-363,686,2535,6.48875,1817
Claridenfirn,A50i-19,1934,666,-1814,-1148,2995,6.46625,669
Claridenfirn,A50i-19,1935,1433,-1153,280,2625,6.44,949
Claridenfirn,A50i-19,1936,1514,-1252,262,2665,6.16188,1211
Claridenfirn,A50i-19,1937,1693,-1207,486,2615,6.16188,1697
Claridenfirn,A50i-19,1938,1161,-1438,-277,2695,6.15813,1420
Claridenfirn,A50i-19,1939,1408,-1271,137,2685,6.15688,1557
Claridenfirn,A50i-19,1940,1656,-561,1095,2445,6.15125,2652
Claridenfirn,A50i-19,1941,1445,-913,532,2595,6.14813,3184
Claridenfirn,A50i-19,1942,1000,-1622,-622,2825,6.14438,2562
Claridenfirn,A50i-19,1943,1389,-2051,-662,2795,6.14125,1900
Claridenfirn,A50i-19,1944,1290,-1649,-359,2695,6.1375,1541
Claridenfirn,A50i-19,1945,2101,-1645,456,2645,6.13625,1997
Claridenfirn,A50i-19,1946,1438,-1573,-135,2685,6.12688,1862
Claridenfirn,A50i-19,1947,1114,-3655,-2541,3287,6.12437,-679
Claridenfirn,A50i-19,1948,1901,-749,1152,2435,6.1175,473
Claridenfirn,A50i-19,1949,947,-2586,-1639,3025,6.11313,-1166
Claridenfirn,A50i-19,1950,1084,-2321,-1237,3025,6.11125,-2403
Claridenfirn,A50i-19,1951,1907,-1890,17,2685,6.10313,-2386
Claridenfirn,A50i-19,1952,1524,-2212,-688,2795,6.10187,-3074
Claridenfirn,A50i-19,1953,1771,-1499,272,2665,6.0975,-2802
Claridenfirn,A50i-19,1954,925,-616,309,2635,6.09563,-2493
Claridenfirn,A50i-19,1955,1756,-568,1188,2415,6.09063,-1305
Claridenfirn,A50i-19,1956,1293,-1117,176,2675,5.80813,-1129
Claridenfirn,A50i-19,1957,1165,-490,675,2485,5.84812,-454
Claridenfirn,A50i-19,1958,1567,-2555,-988,2975,5.86188,-1442
Claridenfirn,A50i-19,1959,1330,-2078,-748,2895,5.87125,-2190
Claridenfirn,A50i-19,1960,1283,-580,703,2525,5.88312,-1487
Claridenfirn,A50i-19,1961,1263,-971,292,2635,5.88812,-1195
Claridenfirn,A50i-19,1962,1536,-1218,318,2655,5.89562,-877
Claridenfirn,A50i-19,1963,933,-1762,-829,2975,5.90688,-1706
Claridenfirn,A50i-19,1964,1005,-1958,-953,2975,5.91188,-2659
Claridenfirn,A50i-19,1965,1507,-507,1000,2495,5.92125,-1659
Claridenfirn,A50i-19,1966,1651,-769,882,2525,5.93313,-777
Claridenfirn,A50i-19,1967,1648,-1112,536,2625,5.93938,-241
Claridenfirn,A50i-19,1968,1322,-163,1159,2495,5.95062,918
Claridenfirn,A50i-19,1969,1157,-1142,15,2685,5.95563,933
Claridenfirn,A50i-19,1970,1591,-955,636,2535,5.96,1569
Claridenfirn,A50i-19,1971,1075,-1686,-611,2825,5.9675,958
Claridenfirn,A50i-19,1972,701,-969,-268,2695,5.97,690
Claridenfirn,A50i-19,1973,1177,-2142,-965,2975,5.97,-275
Claridenfirn,A50i-19,1974,1440,-761,679,2605,5.97312,404
Claridenfirn,A50i-19,1975,2347,-1369,978,2535,5.97563,1382
Claridenfirn,A50i-19,1976,910,-927,-17,2685,5.98,1365
Claridenfirn,A50i-19,1977,1680,-920,760,2615,5.98313,2125
Claridenfirn,A50i-19,1978,1457,-375,1082,2515,5.98688,3207
Claridenfirn,A50i-19,1979,1063,-1155,-92,2695,5.99062,3115
Claridenfirn,A50i-19,1980,1726,-754,972,2525,5.99563,4087
Claridenfirn,A50i-19,1981,1435,-1128,307,2675,5.99812,4394
Claridenfirn,A50i-19,1982,1541,-2489,-948,2985,6.00312,3446
Claridenfirn,A50i-19,1983,1276,-1475,-199,2685,6.00938,3247
Claridenfirn,A50i-19,1984,1299,-459,840,2525,6.0125,4087
Claridenfirn,A50i-19,1985,900,-1617,-717,2905,6.09,3370
Claridenfirn,A50i-19,1986,1071,-2155,-1084,3005,5.96312,2286
Claridenfirn,A50i-19,1987,1016,-995,21,2685,5.92438,2307
Claridenfirn,A50i-19,1988,1796,-1529,267,2675,5.88,2574
Claridenfirn,A50i-19,1989,1344,-1838,-494,2785,5.84,2080
Claridenfirn,A50i-19,1990,1315,-2333,-1018,2985,5.64438,1062
Claridenfirn,A50i-19,1991,747,-2379,-1632,3025,5.53375,-570
Claridenfirn,A50i-19,1992,1646,-2793,-1147,2985,5.51187,-1717
Claridenfirn,A50i-19,1993,1348,-1421,-73,2685,5.475,-1790
Claridenfirn,A50i-19,1996,458,-870,-412,2695,5.40188,-2202
Claridenfirn,A50i-19,1997,1560,-2087,-527,2695,5.38375,-2729
Claridenfirn,A50i-19,1998,1054,-2144,-1090,3005,5.36813,-3819
Claridenfirn,A50i-19,1999,2063,-1821,242,2675,5.35,-3577
Claridenfirn,A50i-19,2000,1617,-1394,223,2665,5.32813,-3354
Claridenfirn,A50i-19,2001,1661,-1483,178,2665,5.31062,-3176
Claridenfirn,A50i-19,2002,784,-1863,-1079,2995,5.2925,-4255
Claridenfirn,A50i-19,2003,1651,-3693,-2042,3290,5.12937,-6297
Claridenfirn,A50i-19,2004,1315,-1287,28,2685,5.0375,-6269
Claridenfirn,A50i-19,2005,1010,-1918,-908,2975,5.0075,-7177
Claridenfirn,A50i-19,2006,1013,-2038,-1025,2995,4.98125,-8202
Claridenfirn,A50i-19,2007,671,-1154,-483,2895,4.945,-8685
Claridenfirn,A50i-19,2008,1450,-2514,-1064,2985,4.91437,-9749
Claridenfirn,A50i-19,2009,1532,-2649,-1117,2995,4.87812,-10866
Claridenfirn,A50i-19,2010,854,-1320,-466,2895,4.84125,-11332
Claridenfirn,A50i-19,2011,759,-2568,-1809,3115,4.81062,-13141
Claridenfirn,A50i-19,2012,1314,-2006,-692,2965,4.78562,-13833
Claridenfirn,A50i-19,2013,1470,-1449,21,2665,4.65688,-13812
Claridenfirn,A50i-19,2014,1099,-1357,-258,2885,4.58563,-14070
Claridenfirn,A50i-19,2015,1296,-2462,-1166,2995,4.49563,-15236
Claridenfirn,A50i-19,2016,1299,-1770,-471,2955,4.45062,-15707
Claridenfirn,A50i-19,2017,1428,-2522,-1094,2995,4.41313,-16801
Claridenfirn,A50i-19,2018,2002,-3258,-1256,2995,4.38938,-18057
Claridenfirn,A50i-19,2019,1924,-2954,-1030,2995,4.32062,-19087
Claridenfirn,A50i-19,2020,1553,-2395,-842,2975,4.32062,-19929
Claridenfirn,A50i-19,2021,2047,-2340,-293,2675,4.32062,-20222
Claridenfirn,A50i-19,2022,1314,-4244,-2930,3324,4.32062,-23152
Claridenfirn,A50i-19,2023,1607,-3886,-2279,3275,4.14438,-25431
Claridenfirn,A50i-19,2024,2513,-3969,-1456,2995,4.14438,-26887
Claridenfirn,A50i-19,2025,1170,-2973,-1803,3105,4.14438,-28690
Findelgletscher,B56-03,2005,914,-1387,-473,3265,13.3075,-473
Findelgletscher,B56-03,2006,781,-1461,-680,3295,13.21625,-1153
Findelgletscher,B56-03,2007,374,-654,-280,3225,13.1925,-1433
Findelgletscher,B56-03,2008,602,-1389,-787,3335,13.15625,-2220
Findelgletscher,B56-03,2009,1594,-1793,-199,3245,13.07687,-2419
Findelgletscher,B56-03,2010,759,-1314,-555,3285,13.03938,-2974
Findelgletscher,B56-03,2011,875,-1738,-863,3355,12.96313,-3837
Findelgletscher,B56-03,2012,1203,-1849,-646,3315,12.94875,-4483
Findelgletscher,B56-03,2013,1206,-1060,146,3235,12.895,-4337
Findelgletscher,B56-03,2014,1415,-1246,169,3195,12.88,-4168
Findelgletscher,B56-03,2015,1203,-1793,-590,3295,12.88,-4758
Findelgletscher,B56-03,2016,1021,-1767,-746,3395,12.88,-5504
Findelgletscher,B56-03,2017,1064,-2003,-939,3395,12.89313,-6443
Findelgletscher,B56-03,2018,1535,-2272,-737,3335,12.77812,-7180
Findelgletscher,B56-03,2019,1475,-1794,-319,3285,12.6675,-7499
Findelgletscher,B56-03,2020,1354,-1659,-305,3275,12.5525,-7804
Findelgletscher,B56-03,2021,1095,-1481,-386,3285,12.51125,-8190
Findelgletscher,B56-03,2022,514,-3535,-3021,4066,12.51125,-11211
Findelgletscher,B56-03,2023,703,-2162,-1459,3545,12.38313,-12670
Findelgletscher,B56-03,2024,1414,-1972,-558,3385,12.295,-13228
Findelgletscher,B56-03,2025,1216,-1988,-772,3345,12.26875,-14000
Ghiacciaio del Basòdino,C14-10,1992,1073,-1111,-38,2795,2.40375,-38
Ghiacciaio del Basòdino,C14-10,1993,1574,-1816,-242,2855,2.40375,-280
Ghiacciaio del Basòdino,C14-10,1994,1971,-1966,5,2805,2.40375,-275
Ghiacciaio del Basòdino,C14-10,1995,1544,-1284,260,2785,2.40375,-15
Ghiacciaio del Basòdino,C14-10,1996,781,-1147,-366,2905,2.40375,-381
Ghiacciaio del Basòdino,C14-10,1997,1491,-1962,-471,2915,2.205,-852
Ghiacciaio del Basòdino,C14-10,1998,1372,-2364,-992,3275,2.205,-1844
Ghiacciaio del Basòdino,C14-10,1999,1508,-2369,-861,3249,2.205,-2705
Ghiacciaio del Basòdino,C14-10,2000,1704,-2880,-1176,3232,2.205,-3881
Ghiacciaio del Basòdino,C14-10,2001,2172,-1154,1018,2545,2.205,-2863
Ghiacciaio del Basòdino,C14-10,2002,661,-1275,-614,2965,2.205,-3477
Ghiacciaio del Basòdino,C14-10,2003,1436,-3839,-2403,3374,2.205,-5880
Ghiacciaio del Basòdino,C14-10,2004,1452,-2071,-619,3170,2.205,-6499
Ghiacciaio del Basòdino,C14-10,2005,1349,-2754,-1405,3228,2.205,-7904
Ghiacciaio del Basòdino,C14-10,2006,953,-2639,-1686,3277,1.96063,-9590
Ghiacciaio del Basòdino,C14-10,2007,812,-1984,-1172,3188,1.96063,-10762
Ghiacciaio del Basòdino,C14-10,2008,951,-1648,-697,3174,1.96063,-11459
Ghiacciaio del Basòdino,C14-10,2009,2282,-1995,287,2535,1.96063,-11172
Ghiacciaio del Basòdino,C14-10,2010,1011,-1531,-520,2965,1.96063,-11692
Ghiacciaio del Basòdino,C14-10,2011,1070,-2377,-1307,3234,1.84187,-12999
Ghiacciaio del Basòdino,C14-10,2012,1246,-2232,-986,3246,1.84187,-13985
Ghiacciaio del Basòdino,C14-10,2013,1552,-1544,8,2845,1.84187,-13977
Ghiacciaio del Basòdino,C14-10,2014,1820,-1871,-51,2895,1.84187,-14028
Ghiacciaio del Basòdino,C14-10,2015,1608,-2886,-1278,3277,1.84187,-15306
Ghiacciaio del Basòdino,C14-10,2016,1590,-2571,-981,3282,1.84187,-16287
Ghiacciaio del Basòdino,C14-10,2017,1587,-2868,-1281,3269,1.7575,-17568
Ghiacciaio del Basòdino,C14-10,2018,1865,-3341,-1476,3333,1.7575,-19044
Ghiacciaio del Basòdino,C14-10,2019,2330,-2832,-502,2985,1.7575,-19546
Ghiacciaio del Basòdino,C14-10,2020,1951,-2342,-391,2955,1.64,-19937
Ghiacciaio del Basòdino,C14-10,2021,1473,-2166,-693,3155,1.64,-20630
Ghiacciaio del Basòdino,C14-10,2022,887,-4399,-3512,3587,1.64,-24142
Ghiacciaio del Basòdino,C14-10,2023,892,-3454,-2562,3442,1.54375,-26704
Ghiacciaio del Basòdino,C14-10,2024,2375,-3276,-901,3193,1.48875,-27605
Ghiacciaio del Basòdino,C14-10,2025,1619,-3285,-1666,3228,1.35438,-29271
Glacier d'Orny,B85-23,2023,918,-2958,-2040,3302,1.35813,-2040
Glacier d'Orny,B85-23,2024,1356,-2037,-681,3175,1.19125,-2721
Glacier d'Orny,B85-23,2025,809,-2249,-1440,3260,1.19125,-4161
Glacier d'Otemma,B82-27,2020,1438,-2685,-1247,3165,10.8052,-1247
Glacier d'Otemma,B82-27,2021,1034,-1954,-920,3215,10.8052,-2167
Glacier d'Otemma,B82-27,2022,611,-4099,-3488,3605,10.8052,-5655
Glacier d'Otemma,B82-27,2023,605,-3421,-2816,3515,10.8052,-8471
Glacier d'Otemma,B82-27,2024,1068,-2721,-1653,3716,9.8192,-10124
Glacier d'Otemma,B82-27,2025,868,-3113,-2245,3395,9.8192,-12369
Glacier de Corbassière,B83-03,1997,968,-1512,-544,3135,16.1775,-544
Glacier de Corbassière,B83-03,1998,690,-1905,-1215,3595,16.07125,-1759
Glacier de Corbassière,B83-03,1999,1250,-1091,159,2925,16.02188,-1600
Glacier de Corbassière,B83-03,2000,974,-1317,-343,3095,16.02,-1943
Glacier de Corbassière,B83-03,2001,1583,-1048,535,2815,16.02,-1408
Glacier de Corbassière,B83-03,2002,494,-908,-414,3115,16.02,-1822
Glacier de Corbassière,B83-03,2003,1066,-2322,-1256,3485,16.00937,-3078
Glacier de Corbassière,B83-03,2004,1170,-1728,-558,3155,16.10375,-3636
Glacier de Corbassière,B83-03,2005,827,-1721,-894,3335,16.05937,-4530
Glacier de Corbassière,B83-03,2006,726,-1666,-940,3415,15.97875,-5470
Glacier de Corbassière,B83-03,2007,774,-1142,-368,3105,15.89375,-5838
Glacier de Corbassière,B83-03,2008,710,-1708,-998,3405,15.84,-6836
Glacier de Corbassière,B83-03,2009,1406,-2462,-1056,3405,15.76625,-7892
Glacier de Corbassière,B83-03,2010,661,-1527,-866,3395,15.6475,-8758
Glacier de Corbassière,B83-03,2011,689,-2108,-1419,3505,15.465,-10177
Glacier de Corbassière,B83-03,2012,1021,-1810,-789,3385,15.29187,-10966
Glacier de Corbassière,B83-03,2013,1134,-1443,-309,3115,15.16563,-11275
Glacier de Corbassière,B83-03,2014,1164,-1282,-118,3085,15.16563,-11393
Glacier de Corbassière,B83-03,2015,611,-1941,-1330,3525,15.16563,-12723
Glacier de Corbassière,B83-03,2016,1185,-1624,-439,3125,15.16563,-13162
Glacier de Corbassière,B83-03,2017,911,-2272,-1361,3595,15.08188,-14523
Glacier de Corbassière,B83-03,2018,1191,-2215,-1024,3415,15.08188,-15547
Glacier de Corbassière,B83-03,2019,1211,-2012,-801,3395,15.08188,-16348
Glacier de Corbassière,B83-03,2020,1096,-1935,-839,3355,15.08188,-17187
Glacier de Corbassière,B83-03,2021,789,-1382,-593,3145,15.08188,-17780
Glacier de Corbassière,B83-03,2022,605,-3300,-2695,4352,15.08188,-20475
Glacier de Corbassière,B83-03,2023,707,-2357,-1650,3635,15.08188,-22125
Glacier de Corbassière,B83-03,2024,1030,-2067,-1037,3385,14.07,-23162
Glacier de Corbassière,B83-03,2025,1014,-2259,-1245,3415,14.07,-24407
Glacier de Tortin,B75-12,2015,720,-2350,-1630,3157,0.5762,-1630
Glacier de Tortin,B75-12,2016,1231,-1469,-238,2947,0.5762,-1868
Glacier de Tortin,B75-12,2017,985,-2443,-1458,3218,0.5762,-3326
Glacier de Tortin,B75-12,2018,1250,-2299,-1049,3047,0.5762,-4375
Glacier de Tortin,B75-12,2019,1342,-3084,-1742,3092,0.5762,-6117
Glacier de Tortin,B75-12,2020,1223,-1752,-529,3007,0.5762,-6646
Glacier de Tortin,B75-12,2021,1184,-1437,-253,2947,0.5762,-6899
Glacier de Tortin,B75-12,2022,871,-4953,-4082,3415,0.5762,-10981
Glacier de Tortin,B75-12,2023,1002,-3152,-2150,3510,0.4768,-13131
Glacier de Tortin,B75-12,2024,1393,-2716,-1323,3087,0.4768,-14454
Glacier de Tortin,B75-12,2025,1067,-2783,-1716,3087,0.4933,-16170
Glacier de Tsanfleuron,B22-01,2010,1030,-2024,-994,2962,2.75188,-994
Glacier de Tsanfleuron,B22-01,2011,1067,-3530,-2463,3090,2.75188,-3457
Glacier de Tsanfleuron,B22-01,2012,1358,-3028,-1670,3050,2.75188,-5127
Glacier de Tsanfleuron,B22-01,2013,1495,-1777,-282,2805,2.64625,-5409
Glacier de Tsanfleuron,B22-01,2014,1551,-2426,-875,2855,2.61813,-6284
Glacier de Tsanfleuron,B22-01,2015,1544,-3994,-2450,3121,2.61813,-8734
Glacier de Tsanfleuron,B22-01,2016,2013,-2298,-285,2795,2.61813,-9019
Glacier de Tsanfleuron,B22-01,2017,1728,-3823,-2095,3046,2.46625,-11114
Glacier de Tsanfleuron,B22-01,2018,2317,-4690,-2373,3123,2.46625,-13487
Glacier de Tsanfleuron,B22-01,2019,1826,-3701,-1875,3127,2.45125,-15362
Glacier de Tsanfleuron,B22-01,2020,1928,-3816,-1888,3055,2.45125,-17250
Glacier de Tsanfleuron,B22-01,2021,2018,-2623,-605,2915,2.32375,-17855
Glacier de Tsanfleuron,B22-01,2022,1478,-5479,-4001,3271,2.32375,-21856
Glacier de Tsanfleuron,B22-01,2023,2350,-4699,-2349,3161,2.315,-24205
Glacier de Tsanfleuron,B22-01,2024,2740,-4048,-1308,2945,2.18,-25513
Glacier de Tsanfleuron,B22-01,2025,1664,-4336,-2672,3084,2.145,-28185
Glacier de la Plaine Morte,A55f-03,2010,1184,-2053,-869,2815,7.8775,-869
Glacier de la Plaine Morte,A55f-03,2011,852,-2951,-2099,2959,7.8775,-2968
Glacier de la Plaine Morte,A55f-03,2012,1319,-2516,-1197,2835,7.8775,-4165
Glacier de la Plaine Morte,A55f-03,2013,1482,-2384,-902,2825,7.8775,-5067
Glacier de la Plaine Morte,A55f-03,2014,1005,-2043,-1038,2815,7.54938,-6105
Glacier de la Plaine Morte,A55f-03,2015,957,-3264,-2307,2935,7.54938,-8412
Glacier de la Plaine Morte,A55f-03,2016,1677,-1898,-221,2775,7.54938,-8633
Glacier de la Plaine Morte,A55f-03,2017,1297,-3570,-2273,2977,7.4075,-10906
Glacier de la Plaine Morte,A55f-03,2018,2014,-4127,-2113,2925,7.21938,-13019
Glacier de la Plaine Morte,A55f-03,2019,1490,-3252,-1762,2987,7.1125,-14781
Glacier de la Plaine Morte,A55f-03,2020,1380,-3309,-1929,2815,6.98062,-16710
Glacier de la Plaine Morte,A55f-03,2021,1441,-2401,-960,2805,6.88938,-17670
Glacier de la Plaine Morte,A55f-03,2022,1256,-5288,-4032,3262,6.88938,-21702
Glacier de la Plaine Morte,A55f-03,2023,1334,-3815,-2481,3031,6.68187,-24183
Glacier de la Plaine Morte,A55f-03,2024,2049,-4020,-1971,2805,6.58312,-26154
Glacier de la Plaine Morte,A55f-03,2025,1398,-3967,-2569,3051,6.52875,-28723
Glacier du Giétro,B82-14,1967,1031,-1029,2,3075,5.66812,2
Glacier du Giétro,B82-14,1968,620,-28,592,2975,5.66688,594
Glacier du Giétro,B82-14,1969,901,-1030,-129,3085,5.66437,465
Glacier du Giétro,B82-14,1970,1056,-1113,-57,3085,5.66375,408
Glacier du Giétro,B82-14,1971,624,-1335,-711,3445,5.64938,-303
Glacier du Giétro,B82-14,1972,663,-832,-169,3115,5.6675,-472
Glacier du Giétro,B82-14,1973,778,-2184,-1406,3940,5.65688,-1878
Glacier du Giétro,B82-14,1974,704,-538,166,3055,5.65688,-1712
Glacier du Giétro,B82-14,1975,1220,-1418,-198,3085,5.6575,-1910
Glacier du Giétro,B82-14,1976,694,-1505,-811,3445,5.65688,-2721
Glacier du Giétro,B82-14,1977,1508,-755,753,2955,5.65688,-1968
Glacier du Giétro,B82-14,1978,1464,-831,633,2955,5.65625,-1335
Glacier du Giétro,B82-14,1979,1112,-1529,-417,3185,5.65625,-1752
Glacier du Giétro,B82-14,1980,1255,-377,878,2915,5.65625,-874
Glacier du Giétro,B82-14,1981,1302,-721,581,2975,5.65562,-293
Glacier du Giétro,B82-14,1982,1404,-2161,-757,3395,5.655,-1050
Glacier du Giétro,B82-14,1983,1347,-1888,-541,3195,5.655,-1591
Glacier du Giétro,B82-14,1984,687,-724,-37,3085,5.655,-1628
Glacier du Giétro,B82-14,1985,1015,-1514,-499,3195,5.6825,-2127
Glacier du Giétro,B82-14,1986,1315,-1901,-586,3255,5.88125,-2713
Glacier du Giétro,B82-14,1987,1000,-1296,-296,3215,5.84687,-3009
Glacier du Giétro,B82-14,1988,1454,-1460,-6,3125,5.84687,-3015
Glacier du Giétro,B82-14,1989,1190,-1749,-559,3255,5.84187,-3574
Glacier du Giétro,B82-14,1990,974,-1119,-145,3195,5.83688,-3719
Glacier du Giétro,B82-14,1991,1275,-2803,-1528,3385,5.83375,-5247
Glacier du Giétro,B82-14,1992,979,-1276,-297,3245,5.82937,-5544
Glacier du Giétro,B82-14,1993,1369,-1478,-109,3185,5.82688,-5653
Glacier du Giétro,B82-14,1994,1305,-1693,-388,3265,5.82375,-6041
Glacier du Giétro,B82-14,1995,1837,-2015,-178,3185,5.81813,-6219
Glacier du Giétro,B82-14,1996,518,-419,99,3105,5.81625,-6120
Glacier du Giétro,B82-14,1997,1087,-1029,58,3105,5.70125,-6062
Glacier du Giétro,B82-14,1998,738,-2305,-1567,3435,5.61125,-7629
Glacier du Giétro,B82-14,1999,1424,-1258,166,3105,5.60875,-7463
Glacier du Giétro,B82-14,2000,1105,-1964,-859,3315,5.60562,-8322
Glacier du Giétro,B82-14,2001,1918,-1533,385,3065,5.6025,-7937
Glacier du Giétro,B82-14,2002,520,-668,-148,3185,5.59625,-8085
Glacier du Giétro,B82-14,2003,1222,-3875,-2653,3787,5.54812,-10738
Glacier du Giétro,B82-14,2004,1319,-1810,-491,3265,5.56562,-11229
Glacier du Giétro,B82-14,2005,937,-1467,-530,3265,5.54625,-11759
Glacier du Giétro,B82-14,2006,829,-1586,-757,3325,5.5175,-12516
Glacier du Giétro,B82-14,2007,849,-925,-76,3185,5.48937,-12592
Glacier du Giétro,B82-14,2008,767,-1587,-820,3355,5.43,-13412
Glacier du Giétro,B82-14,2009,1595,-2842,-1247,3435,5.43625,-14659
Glacier du Giétro,B82-14,2010,691,-1333,-642,3355,5.41437,-15301
Glacier du Giétro,B82-14,2011,803,-2487,-1684,3445,5.39125,-16985
Glacier du Giétro,B82-14,2012,1093,-1764,-671,3325,5.37063,-17656
Glacier du Giétro,B82-14,2013,1263,-1297,-34,3195,5.3225,-17690
Glacier du Giétro,B82-14,2014,1309,-1580,-271,3225,5.3225,-17961
Glacier du Giétro,B82-14,2015,678,-1780,-1102,3355,5.3225,-19063
Glacier du Giétro,B82-14,2016,1348,-1793,-445,3245,5.3225,-19508
Glacier du Giétro,B82-14,2017,1047,-2756,-1709,3465,5.27313,-21217
Glacier du Giétro,B82-14,2018,1271,-2137,-866,3315,5.27313,-22083
Glacier du Giétro,B82-14,2019,1342,-2537,-1195,3365,5.28,-23278
Glacier du Giétro,B82-14,2020,1046,-1837,-791,3315,5.28,-24069
Glacier du Giétro,B82-14,2021,938,-1275,-337,3235,5.28,-24406
Glacier du Giétro,B82-14,2022,821,-3776,-2955,3779,5.175,-27361
Glacier du Giétro,B82-14,2023,1004,-2845,-1841,3485,5.06125,-29202
Glacier du Giétro,B82-14,2024,1094,-2563,-1469,3475,4.86813,-30671
Glacier du Giétro,B82-14,2025,947,-2153,-1206,3475,4.86813,-31877
Glacier du Sex Rouge,B16-01,2012,1443,-2636,-1193,2862,0.2672,-1193
Glacier du Sex Rouge,B16-01,2013,1421,-2113,-692,2837,0.2672,-1885
Glacier du Sex Rouge,B16-01,2014,1269,-1940,-671,2832,0.2699,-2556
Glacier du Sex Rouge,B16-01,2015,1382,-3522,-2140,3082,0.2699,-4696
Glacier du Sex Rouge,B16-01,2016,1841,-2019,-178,2727,0.2559,-4874
Glacier du Sex Rouge,B16-01,2017,1442,-3877,-2435,3136,0.2559,-7309
Glacier du Sex Rouge,B16-01,2018,1887,-4023,-2136,3089,0.2559,-9445
Glacier du Sex Rouge,B16-01,2019,1599,-3356,-1757,3048,0.2559,-11202
Glacier du Sex Rouge,B16-01,2020,1671,-3168,-1497,3010,0.2559,-12699
Glacier du Sex Rouge,B16-01,2021,1721,-2510,-789,2852,0.2573,-13488
Glacier du Sex Rouge,B16-01,2022,1429,-5189,-3760,3299,0.2573,-17248
Glacier du Sex Rouge,B16-01,2023,2172,-4439,-2267,3117,0.2573,-19515
Glacier du Sex Rouge,B16-01,2024,2393,-4090,-1697,3029,0.2215,-21212
Glacier du Sex Rouge,B16-01,2025,1256,-3976,-2720,3157,0.2215,-23932
Glatscher da Plattas / Glatscher da Medel,A14g-16,2017,1313,-2962,-1649,3102,1.1579,-1649
Glatscher da Plattas / Glatscher da Medel,A14g-16,2018,1913,-3352,-1439,3027,1.1579,-3088
Glatscher da Plattas / Glatscher da Medel,A14g-16,2019,2432,-3061,-629,2992,1.1579,-3717
Glatscher da Plattas / Glatscher da Medel,A14g-16,2020,1436,-2515,-1079,3012,1.0547,-4796
Glatscher da Plattas / Glatscher da Medel,A14g-16,2021,1655,-2122,-467,2972,1.0547,-5263
Glatscher da Plattas / Glatscher da Medel,A14g-16,2022,1013,-4014,-3001,3127,1.0547,-8264
Glatscher da Plattas / Glatscher da Medel,A14g-16,2023,971,-3741,-2770,3122,1.0547,-11034
Glatscher da Plattas / Glatscher da Medel,A14g-16,2024,1881,-3259,-1378,3022,1.0547,-12412
Glatscher da Plattas / Glatscher da Medel,A14g-16,2025,1168,-2694,-1526,3022,1.0547,-13938
Glatschiu dil Segnas,A14p-03,2012,749,-3301,-2552,3136,0.5105,-2552
Glatschiu dil Segnas,A14p-03,2013,994,-2025,-1031,2992,0.5105,-3583
Glatschiu dil Segnas,A14p-03,2014,726,-1806,-1080,2992,0.5105,-4663
Glatschiu dil Segnas,A14p-03,2015,935,-2665,-1730,3069,0.5105,-6393
Glatschiu dil Segnas,A14p-03,2016,1020,-1424,-404,2827,0.5105,-6797
Griesgletscher,B45-04,1962,1906,-2612,-706,2965,6.65688,-706
Griesgletscher,B45-04,1963,1894,-1934,-40,2775,6.65688,-746
Griesgletscher,B45-04,1964,1733,-2368,-635,3045,6.65688,-1381
Griesgletscher,B45-04,1965,1509,-1094,415,2745,6.42188,-966
Griesgletscher,B45-04,1966,2014,-1846,168,2765,6.42188,-798
Griesgletscher,B45-04,1967,1836,-1584,252,2745,6.42188,-546
Griesgletscher,B45-04,1968,1489,-1218,271,2745,6.42188,-275
Griesgletscher,B45-04,1969,1395,-1716,-321,2795,6.42188,-596
Griesgletscher,B45-04,1970,1602,-2363,-761,3095,6.42188,-1357
Griesgletscher,B45-04,1971,1442,-2228,-786,3065,6.42188,-2143
Griesgletscher,B45-04,1972,1675,-1442,233,2745,6.42188,-1910
Griesgletscher,B45-04,1973,957,-2048,-1091,3305,6.42188,-3001
Griesgletscher,B45-04,1974,1795,-1986,-191,2795,6.36437,-3192
Griesgletscher,B45-04,1975,2092,-1633,459,2675,6.36437,-2733
Griesgletscher,B45-04,1976,830,-2071,-1241,3318,6.36437,-3974
Griesgletscher,B45-04,1977,2983,-1606,1377,2645,6.36437,-2597
Griesgletscher,B45-04,1978,2328,-1685,643,2705,6.36437,-1954
Griesgletscher,B45-04,1979,1487,-2395,-908,3135,6.36437,-2862
Griesgletscher,B45-04,1980,2160,-1665,495,2675,6.36437,-2367
Griesgletscher,B45-04,1981,1455,-1610,-155,2795,6.36437,-2522
Griesgletscher,B45-04,1982,1524,-2851,-1327,3323,6.36437,-3849
Griesgletscher,B45-04,1983,2160,-2823,-663,2845,6.0775,-4512
Griesgletscher,B45-04,1984,1291,-1217,74,2765,6.0775,-4438
Griesgletscher,B45-04,1985,1954,-2180,-226,2805,6.0775,-4664
Griesgletscher,B45-04,1986,2406,-3519,-1113,3145,6.0775,-5777
Griesgletscher,B45-04,1987,1244,-1918,-674,3075,6.0775,-6451
Griesgletscher,B45-04,1988,2083,-2931,-848,3035,6.0775,-7299
Griesgletscher,B45-04,1989,2114,-3029,-915,3065,5.79938,-8214
Griesgletscher,B45-04,1990,1468,-3393,-1925,3383,5.79938,-10139
Griesgletscher,B45-04,1991,1902,-2891,-989,3085,5.79938,-11128
Griesgletscher,B45-04,1992,1556,-2825,-1269,3305,5.79938,-12397
Griesgletscher,B45-04,1993,1171,-2133,-962,3095,5.79938,-13359
Griesgletscher,B45-04,1994,1788,-3350,-1562,3305,5.79938,-14921
Griesgletscher,B45-04,1995,1558,-1677,-119,2805,5.76687,-15040
Griesgletscher,B45-04,1996,899,-1239,-340,2845,5.76687,-15380
Griesgletscher,B45-04,1997,1823,-2534,-711,3035,5.76687,-16091
Griesgletscher,B45-04,1998,1585,-3606,-2021,3421,5.76687,-18112
Griesgletscher,B45-04,1999,2052,-2691,-639,2955,5.76687,-18751
Griesgletscher,B45-04,2000,1753,-2613,-860,3085,5.76687,-19611
Griesgletscher,B45-04,2001,2119,-2266,-147,2775,5.27375,-19758
Griesgletscher,B45-04,2002,970,-1656,-686,2965,5.27375,-20444
Griesgletscher,B45-04,2003,1799,-4299,-2500,3460,5.27375,-22944
Griesgletscher,B45-04,2004,1689,-2729,-1040,3195,5.27375,-23984
Griesgletscher,B45-04,2005,1448,-2947,-1499,3331,5.27375,-25483
Griesgletscher,B45-04,2006,1342,-3641,-2299,3415,4.9725,-27782
Griesgletscher,B45-04,2007,1068,-2417,-1349,3165,4.9725,-29131
Griesgletscher,B45-04,2008,1073,-2756,-1683,3175,4.9725,-30814
Griesgletscher,B45-04,2009,2156,-2971,-815,3065,4.9725,-31629
Griesgletscher,B45-04,2010,1138,-2198,-1060,3055,4.9725,-32689
Griesgletscher,B45-04,2011,949,-2959,-2010,3175,4.83375,-34699
Griesgletscher,B45-04,2012,1597,-3446,-1849,3345,4.83375,-36548
Griesgletscher,B45-04,2013,1502,-1999,-497,2935,4.83375,-37045
Griesgletscher,B45-04,2014,1601,-2324,-723,3015,4.43063,-37768
Griesgletscher,B45-04,2015,1764,-3238,-1474,3404,4.43063,-39242
Griesgletscher,B45-04,2016,1517,-3442,-1925,3451,4.43063,-41167
Griesgletscher,B45-04,2017,1538,-3579,-2041,3450,4.4075,-43208
Griesgletscher,B45-04,2018,2061,-4130,-2069,3463,4.3475,-45277
Griesgletscher,B45-04,2019,2185,-3373,-1188,3389,4.3475,-46465
Griesgletscher,B45-04,2020,1796,-2875,-1079,3045,4.18562,-47544
Griesgletscher,B45-04,2021,1684,-2462,-778,3065,4.10187,-48322
Griesgletscher,B45-04,2022,1090,-4949,-3859,3589,4.10187,-52181
Griesgletscher,B45-04,2023,936,-4066,-3130,3556,3.80938,-55311
Griesgletscher,B45-04,2024,2250,-3566,-1316,3433,3.66938,-56627
Griesgletscher,B45-04,2025,1462,-3639,-2177,3429,3.6425,-58804
Grosser Aletschgletscher,B36-26,1915,1339,-1122,217,2815,91.815,217
Grosser Aletschgletscher,B36-26,1916,1387,-616,771,2685,91.815,988
Grosser Aletschgletscher,B36-26,1917,1207,-2011,-804,2975,91.815,184
Grosser Aletschgletscher,B36-26,1918,1260,-956,304,2785,91.815,488
Grosser Aletschgletscher,B36-26,1919,1824,-1348,476,2785,91.815,964
Grosser Aletschgletscher,B36-26,1920,1560,-1666,-106,2865,91.815,858
Grosser Aletschgletscher,B36-26,1921,261,-2431,-2170,3305,91.815,-1312
Grosser Aletschgletscher,B36-26,1922,1015,-1832,-817,3005,91.815,-2129
Grosser Aletschgletscher,B36-26,1923,825,-1919,-1094,3145,91.815,-3223
Grosser Aletschgletscher,B36-26,1924,1247,-1359,-112,2865,91.815,-3335
Grosser Aletschgletscher,B36-26,1925,758,-1201,-443,2915,91.815,-3778
Grosser Aletschgletscher,B36-26,1926,643,-737,-94,2865,91.815,-3872
Grosser Aletschgletscher,B36-26,1927,1355,-1406,-51,2865,91.815,-3923
Grosser Aletschgletscher,B36-26,1928,1288,-1916,-628,2985,91.815,-4551
Grosser Aletschgletscher,B36-26,1929,1809,-2107,-298,2915,91.815,-4849
Grosser Aletschgletscher,B36-26,1930,728,-1368,-640,2985,91.815,-5489
Grosser Aletschgletscher,B36-26,1931,1138,-1454,-316,2915,91.815,-5805
Grosser Aletschgletscher,B36-26,1932,865,-1613,-748,2985,91.815,-6553
Grosser Aletschgletscher,B36-26,1933,906,-1000,-94,2865,91.815,-6647
Grosser Aletschgletscher,B36-26,1934,497,-2305,-1808,3145,91.815,-8455
Grosser Aletschgletscher,B36-26,1935,1533,-2411,-878,2995,91.815,-9333
Grosser Aletschgletscher,B36-26,1936,1587,-1611,-24,2865,91.815,-9357
Grosser Aletschgletscher,B36-26,1937,1466,-1911,-445,2955,91.815,-9802
Grosser Aletschgletscher,B36-26,1938,870,-1429,-559,2955,91.815,-10361
Grosser Aletschgletscher,B36-26,1939,801,-1169,-368,2905,91.815,-10729
Grosser Aletschgletscher,B36-26,1940,1175,-332,843,2705,91.815,-9886
Grosser Aletschgletscher,B36-26,1941,737,-1094,-357,2925,91.815,-10243
Grosser Aletschgletscher,B36-26,1942,755,-1629,-874,3045,87.48,-11117
Grosser Aletschgletscher,B36-26,1943,792,-1436,-644,2945,87.48,-11761
Grosser Aletschgletscher,B36-26,1944,918,-1686,-768,2995,87.48,-12529
Grosser Aletschgletscher,B36-26,1945,1668,-1703,-35,2865,87.48,-12564
Grosser Aletschgletscher,B36-26,1946,1322,-1496,-174,2865,87.48,-12738
Grosser Aletschgletscher,B36-26,1947,822,-2360,-1538,3155,87.48,-14276
Grosser Aletschgletscher,B36-26,1948,1574,-544,1030,2695,87.48,-13246
Grosser Aletschgletscher,B36-26,1949,770,-1825,-1055,3025,87.48,-14301
Grosser Aletschgletscher,B36-26,1950,942,-2449,-1507,3135,87.48,-15808
Grosser Aletschgletscher,B36-26,1951,1368,-1417,-49,2865,87.48,-15857
Grosser Aletschgletscher,B36-26,1952,1196,-1808,-612,2975,87.48,-16469
Grosser Aletschgletscher,B36-26,1953,1378,-1359,19,2855,87.48,-16450
Grosser Aletschgletscher,B36-26,1954,849,-1079,-230,2865,87.48,-16680
Grosser Aletschgletscher,B36-26,1955,1042,-785,257,2795,87.48,-16423
Grosser Aletschgletscher,B36-26,1956,961,-848,113,2825,87.48,-16310
Grosser Aletschgletscher,B36-26,1957,901,-1205,-304,2895,87.48,-16614
Grosser Aletschgletscher,B36-26,1958,1190,-2034,-844,3065,87.48,-17458
Grosser Aletschgletscher,B36-26,1959,942,-1955,-1013,3125,87.48,-18471
Grosser Aletschgletscher,B36-26,1960,1034,-841,193,2845,87.48,-18278
Grosser Aletschgletscher,B36-26,1961,1284,-1891,-607,2995,87.48,-18885
Grosser Aletschgletscher,B36-26,1962,1470,-2003,-533,2975,87.48,-19418
Grosser Aletschgletscher,B36-26,1963,1118,-1516,-398,2955,87.48,-19816
Grosser Aletschgletscher,B36-26,1964,765,-2331,-1566,3235,87.48,-21382
Grosser Aletschgletscher,B36-26,1965,1356,-555,801,2755,87.48,-20581
Grosser Aletschgletscher,B36-26,1966,1147,-1461,-314,2935,87.48,-20895
Grosser Aletschgletscher,B36-26,1967,1469,-1618,-149,2905,87.48,-21044
Grosser Aletschgletscher,B36-26,1968,747,-778,-31,2855,87.48,-21075
Grosser Aletschgletscher,B36-26,1969,1123,-1423,-300,2955,86.5575,-21375
Grosser Aletschgletscher,B36-26,1970,1091,-1593,-502,2995,86.5575,-21877
Grosser Aletschgletscher,B36-26,1971,901,-1752,-851,3095,86.5575,-22728
Grosser Aletschgletscher,B36-26,1972,676,-1116,-440,2965,86.5575,-23168
Grosser Aletschgletscher,B36-26,1973,804,-1648,-844,3105,86.5575,-24012
Grosser Aletschgletscher,B36-26,1974,910,-1272,-362,2935,86.5575,-24374
Grosser Aletschgletscher,B36-26,1975,1385,-980,405,2795,86.5575,-23969
Grosser Aletschgletscher,B36-26,1976,685,-1389,-704,3025,86.5575,-24673
Grosser Aletschgletscher,B36-26,1977,1268,-818,450,2795,86.5575,-24223
Grosser Aletschgletscher,B36-26,1978,1469,-519,950,2725,86.5575,-23273
Grosser Aletschgletscher,B36-26,1979,1147,-1485,-338,2955,86.5575,-23611
Grosser Aletschgletscher,B36-26,1980,1576,-910,666,2765,86.5575,-22945
Grosser Aletschgletscher,B36-26,1981,1209,-1158,51,2845,86.5575,-22894
Grosser Aletschgletscher,B36-26,1982,1157,-1164,-7,2885,86.5575,-22901
Grosser Aletschgletscher,B36-26,1983,1395,-1434,-39,2895,86.5575,-22940
Grosser Aletschgletscher,B36-26,1984,990,-377,613,2745,86.5575,-22327
Grosser Aletschgletscher,B36-26,1985,843,-1008,-165,2895,86.5575,-22492
Grosser Aletschgletscher,B36-26,1986,1175,-1819,-644,3005,86.5575,-23136
Grosser Aletschgletscher,B36-26,1987,1176,-1151,25,2855,86.5575,-23111
Grosser Aletschgletscher,B36-26,1988,1141,-1766,-625,2945,86.5575,-23736
Grosser Aletschgletscher,B36-26,1989,1161,-1378,-217,2875,86.5575,-23953
Grosser Aletschgletscher,B36-26,1990,771,-1734,-963,3005,83.02,-24916
Grosser Aletschgletscher,B36-26,1991,919,-2127,-1208,3115,83.02,-26124
Grosser Aletschgletscher,B36-26,1992,646,-2196,-1550,3165,83.02,-27674
Grosser Aletschgletscher,B36-26,1993,1370,-1439,-69,2855,83.02,-27743
Grosser Aletschgletscher,B36-26,1994,1215,-2258,-1043,3065,83.02,-28786
Grosser Aletschgletscher,B36-26,1995,1484,-2129,-645,2975,83.02,-29431
Grosser Aletschgletscher,B36-26,1996,501,-1356,-855,3005,83.02,-30286
Grosser Aletschgletscher,B36-26,1997,1116,-1905,-789,2975,83.02,-31075
Grosser Aletschgletscher,B36-26,1998,802,-1964,-1162,3115,83.02,-32237
Grosser Aletschgletscher,B36-26,1999,704,-1775,-1071,3075,83.02,-33308
Grosser Aletschgletscher,B36-26,2000,1155,-1800,-645,2955,83.02,-33953
Grosser Aletschgletscher,B36-26,2001,1385,-1963,-578,2935,83.02,-34531
Grosser Aletschgletscher,B36-26,2002,495,-1076,-581,2945,83.02,-35112
Grosser Aletschgletscher,B36-26,2003,1075,-3090,-2015,3275,83.02,-37127
Grosser Aletschgletscher,B36-26,2004,987,-1369,-382,2935,83.02,-37509
Grosser Aletschgletscher,B36-26,2005,1400,-2321,-921,2975,79.0975,-38430
Grosser Aletschgletscher,B36-26,2006,1063,-2723,-1660,3135,79.0975,-40090
Grosser Aletschgletscher,B36-26,2007,1041,-2048,-1007,2995,79.0975,-41097
Grosser Aletschgletscher,B36-26,2008,1573,-3184,-1611,3105,79.0975,-42708
Grosser Aletschgletscher,B36-26,2009,1987,-3667,-1680,3125,79.0975,-44388
Grosser Aletschgletscher,B36-26,2010,1394,-2172,-778,2975,79.0975,-45166
Grosser Aletschgletscher,B36-26,2011,1092,-2878,-1786,3125,79.0975,-46952
Grosser Aletschgletscher,B36-26,2012,1319,-3134,-1815,3135,79.0975,-48767
Grosser Aletschgletscher,B36-26,2013,1830,-2481,-651,2945,79.0975,-49418
Grosser Aletschgletscher,B36-26,2014,1020,-1406,-386,2895,78.5325,-49804
Grosser Aletschgletscher,B36-26,2015,1388,-3134,-1746,3125,78.5325,-51550
Grosser Aletschgletscher,B36-26,2016,1502,-2264,-762,2965,78.5325,-52312
Grosser Aletschgletscher,B36-26,2017,1307,-3512,-2205,3265,78.5325,-54517
Grosser Aletschgletscher,B36-26,2018,1353,-2640,-1287,3125,78.5325,-55804
Grosser Aletschgletscher,B36-26,2019,1103,-2811,-1708,3225,77.9825,-57512
Grosser Aletschgletscher,B36-26,2020,838,-2006,-1168,3105,78.5325,-58680
Grosser Aletschgletscher,B36-26,2021,1435,-1618,-183,2975,77.9825,-58863
Grosser Aletschgletscher,B36-26,2022,1075,-3941,-2866,3545,75.4875,-61729
Grosser Aletschgletscher,B36-26,2023,1018,-2801,-1783,3215,77.9825,-63512
Grosser Aletschgletscher,B36-26,2024,1772,-2908,-1136,3155,75.8125,-64648
Grosser Aletschgletscher,B36-26,2025,1083,-2697,-1614,3175,75.8125,-66262
Hohlaubgletscher,B52-32,1956,1135,-818,317,3085,2.405,317
Hohlaubgletscher,B52-32,1957,1116,-627,489,3065,2.44375,806
Hohlaubgletscher,B52-32,1958,1500,-1739,-239,3185,2.44188,567
Hohlaubgletscher,B52-32,1959,1336,-2039,-703,3245,2.44188,-136
Hohlaubgletscher,B52-32,1960,1287,-471,816,3035,2.44062,680
Hohlaubgletscher,B52-32,1961,1421,-1501,-80,3175,2.44062,600
Hohlaubgletscher,B52-32,1962,1151,-1452,-301,3195,2.43938,299
Hohlaubgletscher,B52-32,1963,1187,-1194,-7,3155,2.4375,292
Hohlaubgletscher,B52-32,1964,1117,-1798,-681,3255,2.43688,-389
Hohlaubgletscher,B52-32,1965,1028,-1037,-9,3155,2.43625,-398
Hohlaubgletscher,B52-32,1966,1695,-1689,6,3145,2.43375,-392
Hohlaubgletscher,B52-32,1967,1443,-758,685,3045,2.42625,293
Hohlaubgletscher,B52-32,1968,502,-908,-406,3215,2.4275,-113
Hohlaubgletscher,B52-32,1969,1317,-1390,-73,3165,2.43125,-186
Hohlaubgletscher,B52-32,1970,896,-1760,-864,3325,2.4325,-1050
Hohlaubgletscher,B52-32,1971,1085,-1670,-585,3255,2.43625,-1635
Hohlaubgletscher,B52-32,1972,1061,-868,193,3115,2.43938,-1442
Hohlaubgletscher,B52-32,1973,1022,-816,206,3095,2.44125,-1236
Hohlaubgletscher,B52-32,1974,1196,-855,341,3075,2.44188,-895
Hohlaubgletscher,B52-32,1975,1285,-1646,-361,3195,2.4475,-1256
Hohlaubgletscher,B52-32,1976,907,-953,-46,3165,2.45,-1302
Hohlaubgletscher,B52-32,1977,2484,-700,1784,2685,2.45187,482
Hohlaubgletscher,B52-32,1978,2299,-647,1652,2685,2.45313,2134
Hohlaubgletscher,B52-32,1979,840,-1076,-236,3195,2.45688,1898
Hohlaubgletscher,B52-32,1980,1774,-157,1617,2695,2.45938,3515
Hohlaubgletscher,B52-32,1981,1207,-303,904,2695,2.46062,4419
Hohlaubgletscher,B52-32,1982,1396,-1568,-172,3185,2.50375,4247
Hohlaubgletscher,B52-32,1983,1558,-1632,-74,3185,2.47375,4173
Hohlaubgletscher,B52-32,1984,832,-944,-112,3195,2.47063,4061
Hohlaubgletscher,B52-32,1985,1247,-2831,-1584,3545,2.46563,2477
Hohlaubgletscher,B52-32,1986,1529,-1840,-311,3265,2.46188,2166
Hohlaubgletscher,B52-32,1987,608,-2732,-2124,3974,2.45688,42
Hohlaubgletscher,B52-32,1988,1306,-2796,-1490,3545,2.45438,-1448
Hohlaubgletscher,B52-32,1989,1281,-1659,-378,3275,2.44813,-1826
Hohlaubgletscher,B52-32,1990,917,-2541,-1624,3555,2.43938,-3450
Hohlaubgletscher,B52-32,1991,1679,-1291,388,3045,2.40062,-3062
Hohlaubgletscher,B52-32,1992,1185,-1091,94,3125,2.43688,-2968
Hohlaubgletscher,B52-32,1993,1807,-510,1297,2925,2.435,-1671
Hohlaubgletscher,B52-32,1994,1544,-1918,-374,3185,2.43313,-2045
Hohlaubgletscher,B52-32,1995,1760,-1447,313,3095,2.43125,-1732
Hohlaubgletscher,B52-32,1996,544,-1172,-628,3245,2.42937,-2360
Hohlaubgletscher,B52-32,1997,1055,-1495,-440,3195,2.42625,-2800
Hohlaubgletscher,B52-32,1998,503,-2560,-2057,3495,2.42062,-4857
Hohlaubgletscher,B52-32,1999,1220,-1643,-423,3185,2.41438,-5280
Hohlaubgletscher,B52-32,2000,1077,-661,416,3085,2.31,-4864
Hohlaubgletscher,B52-32,2001,1015,-1112,-97,3155,2.29937,-4961
Hohlaubgletscher,B52-32,2002,1156,-1112,44,3125,2.28625,-4917
Hohlaubgletscher,B52-32,2003,1370,-3319,-1949,3345,2.2775,-6866
Hohlaubgletscher,B52-32,2004,643,-1261,-618,3255,2.2525,-7484
Hohlaubgletscher,B52-32,2005,1000,-1826,-826,3225,2.2225,-8310
Hohlaubgletscher,B52-32,2006,810,-2179,-1369,3325,2.20812,-9679
Hohlaubgletscher,B52-32,2007,1043,-532,511,3085,2.19625,-9168
Hohlaubgletscher,B52-32,2008,800,-1130,-330,3175,2.17937,-9498
Hohlaubgletscher,B52-32,2009,1274,-2439,-1165,3415,2.19125,-10663
Hohlaubgletscher,B52-32,2010,941,-1762,-821,3415,2.18125,-11484
Hohlaubgletscher,B52-32,2011,362,-1533,-1171,3535,2.16438,-12655
Hohlaubgletscher,B52-32,2012,1059,-2131,-1072,3415,2.1375,-13727
Hohlaubgletscher,B52-32,2013,1359,-1325,34,3165,2.1375,-13693
Hohlaubgletscher,B52-32,2014,1346,-1401,-55,3175,2.1375,-13748
Hohlaubgletscher,B52-32,2015,1122,-1976,-854,3415,2.1375,-14602
Hohlaubgletscher,B52-32,2016,999,-2167,-1168,3455,2.1375,-15770
Hohlaubgletscher,B52-32,2017,715,-2235,-1520,4007,2.12812,-17290
Hohlaubgletscher,B52-32,2018,1321,-1979,-658,3345,2.12812,-17948
Hohlaubgletscher,B52-32,2019,1141,-1606,-465,3315,2.12812,-18413
Hohlaubgletscher,B52-32,2020,1318,-1498,-180,3195,2.12812,-18593
Hohlaubgletscher,B52-32,2021,945,-1109,-164,3195,2.12812,-18757
Hohlaubgletscher,B52-32,2022,537,-3369,-2832,3875,2.0725,-21589
Hohlaubgletscher,B52-32,2023,700,-3288,-2588,3565,2.0725,-24177
Hohlaubgletscher,B52-32,2024,1150,-1858,-708,3325,1.93,-24885
Hohlaubgletscher,B52-32,2025,1144,-2184,-1040,3415,1.93,-25925
Hohsaasgletscher,B51-41,2018,1236,-2302,-1066,3447,0.1938,-1066
Hohsaasgletscher,B51-41,2019,1125,-2504,-1379,3550,0.1938,-2445
Hohsaasgletscher,B51-41,2020,1159,-1607,-448,3382,0.1938,-2893
Hohsaasgletscher,B51-41,2021,869,-1187,-318,3377,0.151,-3211
Hohsaasgletscher,B51-41,2022,611,-3035,-2424,3636,0.151,-5635
Hohsaasgletscher,B51-41,2023,970,-2594,-1624,3477,0.151,-7259
Hohsaasgletscher,B51-41,2024,1177,-1707,-530,3392,0.151,-7789
Hohsaasgletscher,B51-41,2025,1247,-2406,-1159,3427,0.151,-8948
Jörigletscher,A10g-18,2007,602,-1457,-855,2882,0.1202,-855
Jörigletscher,A10g-18,2008,1192,-1746,-554,2872,0.1202,-1409
Jörigletscher,A10g-18,2009,1237,-1961,-724,2882,0.1202,-2133
Jörigletscher,A10g-18,2010,840,-1414,-574,2877,0.1202,-2707
Jörigletscher,A10g-18,2011,695,-1811,-1116,2902,0.1202,-3823
Jörigletscher,A10g-18,2012,1237,-2535,-1298,2902,0.1202,-5121
Jörigletscher,A10g-18,2013,1081,-1062,19,2772,0.1202,-5102
Jörigletscher,A10g-18,2014,908,-1782,-874,2882,0.1202,-5976
Jörigletscher,A10g-18,2015,900,-2580,-1680,3020,0.1202,-7656
Jörigletscher,A10g-18,2016,859,-1656,-797,2882,0.1202,-8453
Jörigletscher,A10g-18,2017,880,-2883,-2003,3047,0.1202,-10456
Jörigletscher,A10g-18,2018,881,-3308,-2427,3103,0.1202,-12883
Jörigletscher,A10g-18,2019,1182,-1968,-786,2882,0.1202,-13669
Limmerngletscher,A50i-06,1948,1550,-757,793,2465,2.6325,793
Limmerngletscher,A50i-06,1949,789,-2187,-1398,2995,2.62375,-605
Limmerngletscher,A50i-06,1950,1184,-3081,-1897,3005,2.6175,-2502
Limmerngletscher,A50i-06,1951,1687,-1399,288,2545,2.61,-2214
Limmerngletscher,A50i-06,1952,1387,-2165,-778,2825,2.6025,-2992
Limmerngletscher,A50i-06,1953,1525,-1761,-236,2745,2.59625,-3228
Limmerngletscher,A50i-06,1954,903,-1022,-119,2755,2.59063,-3347
Limmerngletscher,A50i-06,1955,1626,-964,662,2425,2.58688,-2685
Limmerngletscher,A50i-06,1956,1096,-1370,-274,2765,2.58125,-2959
Limmerngletscher,A50i-06,1957,1069,-1042,27,2525,2.57563,-2932
Limmerngletscher,A50i-06,1958,1440,-2416,-976,2855,2.56875,-3908
Limmerngletscher,A50i-06,1959,1210,-2236,-1026,2885,2.49313,-4934
Limmerngletscher,A50i-06,1960,1265,-1250,15,2725,2.61687,-4919
Limmerngletscher,A50i-06,1961,1339,-1566,-227,2825,2.61563,-5146
Limmerngletscher,A50i-06,1962,1408,-1726,-318,2855,2.61313,-5464
Limmerngletscher,A50i-06,1963,1172,-2112,-940,2925,2.61187,-6404
Limmerngletscher,A50i-06,1964,968,-2323,-1355,2995,2.61063,-7759
Limmerngletscher,A50i-06,1965,1346,-649,697,2455,2.60812,-7062
Limmerngletscher,A50i-06,1966,1722,-1271,451,2585,2.60562,-6611
Limmerngletscher,A50i-06,1967,1520,-1216,304,2495,2.60125,-6307
Limmerngletscher,A50i-06,1968,1389,-568,821,2455,2.6,-5486
Limmerngletscher,A50i-06,1969,907,-950,-43,2775,2.60063,-5529
Limmerngletscher,A50i-06,1970,1685,-1602,83,2785,2.6,-5446
Limmerngletscher,A50i-06,1971,1008,-1672,-664,2825,2.59875,-6110
Limmerngletscher,A50i-06,1972,811,-902,-91,2775,2.60063,-6201
Limmerngletscher,A50i-06,1973,1223,-2055,-832,2855,2.59875,-7033
Limmerngletscher,A50i-06,1974,1313,-1278,35,2765,2.6,-6998
Limmerngletscher,A50i-06,1975,1839,-1406,433,2525,2.60125,-6565
Limmerngletscher,A50i-06,1976,964,-1507,-543,2805,2.60125,-7108
Limmerngletscher,A50i-06,1977,1501,-1079,422,2525,2.54562,-6686
Limmerngletscher,A50i-06,1978,1191,-517,674,2445,2.38313,-6012
Limmerngletscher,A50i-06,1979,1067,-1454,-387,2855,2.38687,-6399
Limmerngletscher,A50i-06,1980,1532,-999,533,2455,2.39562,-5866
Limmerngletscher,A50i-06,1981,1493,-1312,181,2525,2.40188,-5685
Limmerngletscher,A50i-06,1982,1655,-2415,-760,2965,2.40625,-6445
Limmerngletscher,A50i-06,1983,1263,-1851,-588,2985,2.40813,-7033
Limmerngletscher,A50i-06,1984,1285,-956,329,2545,2.40813,-6704
Limmerngletscher,A50i-06,1985,1385,-1282,103,2745,2.40687,-6601
Mont Collon,B73-13,2007,839,-1287,-448,2352,0.0254,-448
Mont Collon,B73-13,2008,3068,-3151,-83,2302,0.0254,-531
Mont Collon,B73-13,2009,1751,-2509,-758,2352,0.0254,-1289
Mont Collon,B73-13,2010,2045,-2200,-155,2312,0.0254,-1444
Mont Collon,B73-13,2011,935,-1935,-1000,2440,0.0254,-2444
Mont Collon,B73-13,2012,2165,-1194,971,2252,0.0254,-1473
Mont Collon,B73-13,2013,1807,-2134,-327,2332,0.0254,-1800
Mont Collon,B73-13,2014,1097,-2280,-1183,2455,0.0254,-2983
Mont Collon,B73-13,2015,1995,-3495,-1500,2500,0.0254,-4483
Mont Collon,B73-13,2016,2021,-2184,-163,2312,0.0254,-4646
Mont Collon,B73-13,2017,2090,-2078,12,2277,0.0254,-4634
Mont Collon,B73-13,2018,2915,-3150,-235,2317,0.0254,-4869
Oberaargletscher,A54g-03,2014,1260,-2045,-785,2965,3.9505,-785
Oberaargletscher,A54g-03,2015,1736,-2980,-1244,3175,3.9505,-2029
Oberaargletscher,A54g-03,2016,1288,-2277,-989,3115,3.9505,-3018
Oberaargletscher,A54g-03,2017,1154,-3142,-1988,3372,3.9505,-5006
Oberaargletscher,A54g-03,2018,1758,-3128,-1370,3205,3.9505,-6376
Oberaargletscher,A54g-03,2019,2125,-3567,-1442,3195,3.9505,-7818
Oberaargletscher,A54g-03,2020,1193,-3033,-1840,3345,3.9505,-9658
Oberaargletscher,A54g-03,2021,1585,-1547,38,2805,3.9505,-9620
Oberaargletscher,A54g-03,2022,1269,-4096,-2827,3395,3.9505,-12447
Oberaargletscher,A54g-03,2023,1076,-3335,-2259,3345,3.9505,-14706
Oberaargletscher,A54g-03,2024,1880,-2896,-1016,2975,3.9505,-15722
Oberaargletscher,A54g-03,2025,1387,-3280,-1893,3185,3.8271,-17615
Ofentalgletscher,B52-17,1956,1064,-1545,-481,2912,0.4082,-481
Ofentalgletscher,B52-17,1957,838,-1223,-385,2907,0.4082,-866
Ofentalgletscher,B52-17,1958,1426,-2282,-856,2942,0.4082,-1722
Ofentalgletscher,B52-17,1959,1441,-1598,-157,2882,0.4082,-1879
Ofentalgletscher,B52-17,1960,1602,-1770,-168,2872,0.4082,-2047
Ofentalgletscher,B52-17,1961,1714,-2485,-771,2927,0.4082,-2818
Ofentalgletscher,B52-17,1962,1956,-2052,-96,2857,0.4082,-2914
Ofentalgletscher,B52-17,1963,1789,-1736,53,2817,0.4082,-2861
Ofentalgletscher,B52-17,1964,2084,-2172,-88,2857,0.4082,-2949
Ofentalgletscher,B52-17,1965,1136,-2047,-911,2932,0.4082,-3860
Ofentalgletscher,B52-17,1966,1818,-1871,-53,2857,0.4082,-3913
Ofentalgletscher,B52-17,1967,1370,-1976,-606,2922,0.4082,-4519
Ofentalgletscher,B52-17,1968,675,-984,-309,2892,0.4082,-4828
Pizolgletscher,A50d-01,2007,975,-2396,-1421,2839,0.08067,-1421
Pizolgletscher,A50d-01,2008,1569,-2402,-833,2788,0.08067,-2254
Pizolgletscher,A50d-01,2009,1723,-3036,-1313,2777,0.08067,-3567
Pizolgletscher,A50d-01,2010,1103,-1814,-711,2777,0.08067,-4278
Pizolgletscher,A50d-01,2011,939,-3129,-2190,3035,0.06538,-6468
Pizolgletscher,A50d-01,2012,1955,-3221,-1266,2899,0.06538,-7734
Pizolgletscher,A50d-01,2013,1553,-2158,-605,2717,0.06853,-8339
Pizolgletscher,A50d-01,2014,1116,-2369,-1253,2852,0.06653,-9592
Pizolgletscher,A50d-01,2015,1588,-2992,-1404,2864,0.06653,-10996
Pizolgletscher,A50d-01,2016,1686,-2403,-717,2747,0.06103,-11713
Pizolgletscher,A50d-01,2017,1395,-2981,-1586,2882,0.06103,-13299
Pizolgletscher,A50d-01,2018,1940,-3671,-1731,2912,0.03705,-15030
Pizolgletscher,A50d-01,2019,1658,-2588,-930,2818,0.02593,-15960
Pizolgletscher,A50d-01,2020,1310,-2559,-1249,2835,0.02045,-17209
Pizolgletscher,A50d-01,2021,1499,-2110,-611,2755,0.01883,-17820
Plan Névé,B93-06,2018,1931,-3375,-1444,2962,0.5895,-1444
Plan Névé,B93-06,2019,1526,-3435,-1909,3140,0.5895,-3353
Plan Névé,B93-06,2020,1656,-2303,-647,2937,0.5895,-4000
Plan Névé,B93-06,2021,1552,-1760,-208,2897,0.5562,-4208
Plan Névé,B93-06,2022,895,-4533,-3638,3340,0.5562,-7846
Plan Névé,B93-06,2023,1163,-4510,-3347,3302,0.5562,-11193
Plan Névé,B93-06,2024,1792,-3417,-1625,3085,0.5562,-12818
Plan Névé,B93-06,2025,1339,-3650,-2311,3168,0.5562,-15129
Plattalva / Griessfirn,A50i-07,1948,1683,-1613,70,2627,0.75187,70
Plattalva / Griessfirn,A50i-07,1949,874,-1758,-884,3055,0.75125,-814
Plattalva / Griessfirn,A50i-07,1950,1294,-2956,-1662,3164,0.75,-2476
Plattalva / Griessfirn,A50i-07,1951,1866,-1589,277,2562,0.74938,-2199
Plattalva / Griessfirn,A50i-07,1952,1531,-3137,-1606,3154,0.74813,-3805
Plattalva / Griessfirn,A50i-07,1953,1737,-1942,-205,2847,0.74687,-4010
Plattalva / Griessfirn,A50i-07,1954,1002,-765,237,2557,0.74438,-3773
Plattalva / Griessfirn,A50i-07,1955,1788,-1561,227,2567,0.74187,-3546
Plattalva / Griessfirn,A50i-07,1956,1207,-1455,-248,2980,0.73875,-3794
Plattalva / Griessfirn,A50i-07,1957,1189,-978,211,2552,0.73625,-3583
Plattalva / Griessfirn,A50i-07,1958,1567,-2318,-751,3058,0.73438,-4334
Plattalva / Griessfirn,A50i-07,1959,1351,-2252,-901,3068,0.72188,-5235
Plattalva / Griessfirn,A50i-07,1960,1428,-1191,237,2712,0.84625,-4998
Plattalva / Griessfirn,A50i-07,1961,1558,-1559,-1,2767,0.84625,-4999
Plattalva / Griessfirn,A50i-07,1962,1575,-1483,92,2752,0.84625,-4907
Plattalva / Griessfirn,A50i-07,1963,1313,-1724,-411,2832,0.84625,-5318
Plattalva / Griessfirn,A50i-07,1964,1003,-2193,-1190,2982,0.84625,-6508
Plattalva / Griessfirn,A50i-07,1965,1334,-581,753,2572,0.84625,-5755
Plattalva / Griessfirn,A50i-07,1966,2040,-1654,386,2687,0.84625,-5369
Plattalva / Griessfirn,A50i-07,1967,1687,-1271,416,2562,0.84688,-4953
Plattalva / Griessfirn,A50i-07,1968,1378,-436,942,2557,0.84688,-4011
Plattalva / Griessfirn,A50i-07,1969,1169,-890,279,2672,0.84688,-3732
Plattalva / Griessfirn,A50i-07,1970,1600,-1475,125,2722,0.84688,-3607
Plattalva / Griessfirn,A50i-07,1971,1135,-1881,-746,2962,0.84688,-4353
Plattalva / Griessfirn,A50i-07,1972,816,-921,-105,2787,0.84625,-4458
Plattalva / Griessfirn,A50i-07,1973,1244,-2038,-794,2962,0.84688,-5252
Plattalva / Griessfirn,A50i-07,1974,1473,-1217,256,2692,0.84688,-4996
Plattalva / Griessfirn,A50i-07,1975,1905,-1381,524,2617,0.84688,-4472
Plattalva / Griessfirn,A50i-07,1976,856,-1383,-527,2872,0.8475,-4999
Plattalva / Griessfirn,A50i-07,1977,1484,-985,499,2627,0.86125,-4500
Plattalva / Griessfirn,A50i-07,1978,1432,-566,866,2552,0.8,-3634
Plattalva / Griessfirn,A50i-07,1979,1078,-1497,-419,2832,0.8,-4053
Plattalva / Griessfirn,A50i-07,1980,1630,-820,810,2552,0.8,-3243
Plattalva / Griessfirn,A50i-07,1981,1552,-1378,174,2702,0.8,-3069
Plattalva / Griessfirn,A50i-07,1982,1866,-2407,-541,2842,0.79875,-3610
Plattalva / Griessfirn,A50i-07,1983,1461,-1789,-328,2822,0.79875,-3938
Plattalva / Griessfirn,A50i-07,1984,1421,-782,639,2552,0.7975,-3299
Plattalva / Griessfirn,A50i-07,1985,1521,-1291,230,2677,0.79625,-3069
Rhonegletscher,B43-03,1885,770,-1395,-625,2915,19.10938,-625
Rhonegletscher,B43-03,1886,1452,-935,517,2685,19.085,-108
Rhonegletscher,B43-03,1887,1324,-941,383,2695,19.06188,275
Rhonegletscher,B43-03,1888,1911,-1190,721,2685,19.04,996
Rhonegletscher,B43-03,1889,1650,-744,906,2685,19.02,1902
Rhonegletscher,B43-03,1890,1539,-1155,384,2765,18.99813,2286
Rhonegletscher,B43-03,1891,1155,-485,670,2705,18.98,2956
Rhonegletscher,B43-03,1892,1594,-1542,52,2805,18.95563,3008
Rhonegletscher,B43-03,1893,1310,-583,727,2675,18.93688,3735
Rhonegletscher,B43-03,1894,975,-1363,-388,2855,18.91438,3347
Rhonegletscher,B43-03,1895,1425,-2366,-941,2905,18.89187,2406
Rhonegletscher,B43-03,1896,1992,-768,1224,2685,18.87187,3630
Rhonegletscher,B43-03,1897,1961,-990,971,2685,18.84562,4601
Rhonegletscher,B43-03,1898,1383,-1059,324,2725,18.81625,4925
Rhonegletscher,B43-03,1899,1687,-1596,91,2815,18.79375,5016
Rhonegletscher,B43-03,1900,1309,-2020,-711,2895,18.77563,4305
Rhonegletscher,B43-03,1901,1519,-1484,35,2845,18.75125,4340
Rhonegletscher,B43-03,1902,1312,-1398,-86,2865,18.7325,4254
Rhonegletscher,B43-03,1903,1693,-1029,664,2685,18.70938,4918
Rhonegletscher,B43-03,1904,1814,-1883,-69,2845,18.69625,4849
Rhonegletscher,B43-03,1905,1528,-2087,-559,2925,18.67375,4290
Rhonegletscher,B43-03,1906,1674,-2361,-687,2935,18.6625,3603
Rhonegletscher,B43-03,1907,1915,-932,983,2685,18.65375,4586
Rhonegletscher,B43-03,1908,1753,-672,1081,2685,18.65,5667
Rhonegletscher,B43-03,1909,758,-494,264,2795,18.64937,5931
Rhonegletscher,B43-03,2007,1115,-1059,56,2825,15.93625,5987
Rhonegletscher,B43-03,2008,1265,-2231,-966,3045,15.93625,5021
Rhonegletscher,B43-03,2009,1621,-2403,-782,3005,15.93625,4239
Rhonegletscher,B43-03,2010,1164,-1358,-194,2865,15.80813,4045
Rhonegletscher,B43-03,2011,1016,-2671,-1655,3165,15.80813,2390
Rhonegletscher,B43-03,2012,1501,-2426,-925,3055,15.80813,1465
Rhonegletscher,B43-03,2013,1732,-1925,-193,2875,15.80813,1272
Rhonegletscher,B43-03,2014,1297,-1772,-475,2935,15.57125,797
Rhonegletscher,B43-03,2015,1662,-2614,-952,2995,15.57125,-155
Rhonegletscher,B43-03,2016,1364,-1823,-459,2855,15.57125,-614
Rhonegletscher,B43-03,2017,1566,-2758,-1192,3165,15.52313,-1806
Rhonegletscher,B43-03,2018,2093,-3532,-1439,3145,15.19375,-3245
Rhonegletscher,B43-03,2019,2026,-2744,-718,2945,15.30625,-3963
Rhonegletscher,B43-03,2020,1783,-2410,-627,2885,15.17375,-4590
Rhonegletscher,B43-03,2021,1865,-1959,-94,2835,15.17375,-4684
Rhonegletscher,B43-03,2022,1326,-3742,-2416,3325,15.17375,-7100
Rhonegletscher,B43-03,2023,1433,-3297,-1864,3215,15.01062,-8964
Rhonegletscher,B43-03,2024,2081,-2872,-791,2905,13.29875,-9755
Rhonegletscher,B43-03,2025,1305,-2715,-1410,3085,13.29875,-11165
Schwarzberggletscher,B52-24,1956,1139,-1503,-364,3085,5.57875,-364
Schwarzberggletscher,B52-24,1957,828,-1184,-356,3105,5.555,-720
Schwarzberggletscher,B52-24,1958,1266,-1960,-694,3155,5.55,-1414
Schwarzberggletscher,B52-24,1959,1324,-1322,2,3025,5.54688,-1412
Schwarzberggletscher,B52-24,1960,1219,-463,756,2905,5.54437,-656
Schwarzberggletscher,B52-24,1961,1621,-1919,-298,3095,5.54312,-954
Schwarzberggletscher,B52-24,1962,1305,-1478,-173,3085,5.54063,-1127
Schwarzberggletscher,B52-24,1963,1445,-1291,154,3015,5.53937,-973
Schwarzberggletscher,B52-24,1964,1208,-1661,-453,3115,5.53313,-1426
Schwarzberggletscher,B52-24,1965,615,-824,-209,3085,5.5275,-1635
Schwarzberggletscher,B52-24,1966,1612,-1454,158,3005,5.5225,-1477
Schwarzberggletscher,B52-24,1967,1248,-1139,109,3015,5.4675,-1368
Schwarzberggletscher,B52-24,1968,624,-540,84,3015,5.515,-1284
Schwarzberggletscher,B52-24,1969,1412,-1184,228,2985,5.52,-1056
Schwarzberggletscher,B52-24,1970,1240,-1442,-202,3085,5.53,-1258
Schwarzberggletscher,B52-24,1971,1179,-1328,-149,3045,5.54625,-1407
Schwarzberggletscher,B52-24,1972,857,-815,42,3015,5.55438,-1365
Schwarzberggletscher,B52-24,1973,859,-1315,-456,3105,5.55813,-1821
Schwarzberggletscher,B52-24,1974,1226,-1040,186,2985,5.5625,-1635
Schwarzberggletscher,B52-24,1975,1409,-656,753,2805,5.57,-882
Schwarzberggletscher,B52-24,1976,974,-850,124,3015,5.57625,-758
Schwarzberggletscher,B52-24,1977,2362,-492,1870,2685,5.58,1112
Schwarzberggletscher,B52-24,1978,2911,-459,2452,2665,5.58812,3564
Schwarzberggletscher,B52-24,1979,921,-1199,-278,3085,5.59125,3286
Schwarzberggletscher,B52-24,1980,1689,-671,1018,2805,5.59625,4304
Schwarzberggletscher,B52-24,1981,1333,-828,505,2925,5.60063,4809
Schwarzberggletscher,B52-24,1982,1391,-2068,-677,3145,5.64813,4132
Schwarzberggletscher,B52-24,1983,1584,-2675,-1091,3255,5.51563,3041
Schwarzberggletscher,B52-24,1984,769,-725,44,3015,5.51438,3085
Schwarzberggletscher,B52-24,1985,1190,-1863,-673,3155,5.51312,2412
Schwarzberggletscher,B52-24,1986,1484,-2271,-787,3185,5.51438,1625
Schwarzberggletscher,B52-24,1987,701,-1741,-1040,3235,5.5125,585
Schwarzberggletscher,B52-24,1988,1264,-1724,-460,3105,5.51187,125
Schwarzberggletscher,B52-24,1989,1234,-1759,-525,3135,5.51187,-400
Schwarzberggletscher,B52-24,1990,624,-2466,-1842,3365,5.51125,-2242
Schwarzberggletscher,B52-24,1991,1486,-1479,7,3015,5.51187,-2235
Schwarzberggletscher,B52-24,1992,1145,-547,598,2885,5.57062,-1637
Schwarzberggletscher,B52-24,1993,1326,-661,665,2825,5.56813,-972
Schwarzberggletscher,B52-24,1994,1395,-1194,201,2965,5.565,-771
Schwarzberggletscher,B52-24,1995,955,-921,34,3015,5.56062,-737
Schwarzberggletscher,B52-24,1996,725,-1021,-296,3125,5.55375,-1033
Schwarzberggletscher,B52-24,1997,939,-1910,-971,3235,5.54563,-2004
Schwarzberggletscher,B52-24,1998,474,-2188,-1714,3535,5.53625,-3718
Schwarzberggletscher,B52-24,1999,1134,-2221,-1087,3245,5.50312,-4805
Schwarzberggletscher,B52-24,2000,1086,-1137,-51,3015,5.41125,-4856
Schwarzberggletscher,B52-24,2001,1034,-973,61,3005,5.39,-4795
Schwarzberggletscher,B52-24,2002,1177,-1151,26,3005,5.36813,-4769
Schwarzberggletscher,B52-24,2003,1398,-3287,-1889,3235,5.34375,-6658
Schwarzberggletscher,B52-24,2004,652,-1374,-722,3145,5.33563,-7380
Schwarzberggletscher,B52-24,2005,1064,-1942,-878,3095,5.34438,-8258
Schwarzberggletscher,B52-24,2006,881,-2330,-1449,3215,5.335,-9707
Schwarzberggletscher,B52-24,2007,1056,-1360,-304,3035,5.32437,-10011
Schwarzberggletscher,B52-24,2008,831,-1531,-700,3085,5.3075,-10711
Schwarzberggletscher,B52-24,2009,1716,-2163,-447,3085,5.30813,-11158
Schwarzberggletscher,B52-24,2010,1229,-2073,-844,3175,5.25563,-12002
Schwarzberggletscher,B52-24,2011,479,-1863,-1384,3245,5.21375,-13386
Schwarzberggletscher,B52-24,2012,1414,-2252,-838,3145,5.1675,-14224
Schwarzberggletscher,B52-24,2013,1767,-1717,50,3015,5.1675,-14174
Schwarzberggletscher,B52-24,2014,1265,-1502,-237,3035,5.12063,-14411
Schwarzberggletscher,B52-24,2015,1099,-2290,-1191,3225,5.12063,-15602
Schwarzberggletscher,B52-24,2016,1295,-2272,-977,3205,5.12063,-16579
Schwarzberggletscher,B52-24,2017,970,-2381,-1411,3325,5.10187,-17990
Schwarzberggletscher,B52-24,2018,1763,-2690,-927,3145,5.10187,-18917
Schwarzberggletscher,B52-24,2019,1327,-2102,-775,3165,4.89063,-19692
Schwarzberggletscher,B52-24,2020,1468,-1969,-501,3105,4.89063,-20193
Schwarzberggletscher,B52-24,2021,1038,-1677,-639,3135,4.89063,-20832
Schwarzberggletscher,B52-24,2022,704,-3943,-3239,3582,4.89063,-24071
Schwarzberggletscher,B52-24,2023,1069,-3965,-2896,3569,4.89063,-26967
Schwarzberggletscher,B52-24,2024,1476,-2240,-764,3215,4.72875,-27731
Schwarzberggletscher,B52-24,2025,1634,-2885,-1251,3215,4.72875,-28982
Schwarzwasserfirn,A51e-08,2013,2106,-2084,22,2787,0.0504,22
Schwarzwasserfirn,A51e-08,2014,2160,-2426,-266,2787,0.0555,-244
Schwarzwasserfirn,A51e-08,2015,1955,-3096,-1141,2923,0.0504,-1385
Schwarzwasserfirn,A51e-08,2016,1818,-2912,-1094,2920,0.037,-2479
Schwarzwasserfirn,A51e-08,2017,2031,-3606,-1575,2980,0.037,-4054
Schwarzwasserfirn,A51e-08,2018,2375,-4333,-1958,3024,0.026,-6012
Schwarzwasserfirn,A51e-08,2019,2393,-2498,-105,2797,0.026,-6117
Schwarzwasserfirn,A51e-08,2020,2053,-2428,-375,2807,0.0218,-6492
Schwarzwasserfirn,A51e-08,2021,1982,-2471,-489,2841,0.0218,-6981
Silvrettagletscher,A10g-05,1915,1503,-1918,-415,2795,4.06687,-415
Silvrettagletscher,A10g-05,1916,1415,-1034,381,2625,3.55563,-34
Silvrettagletscher,A10g-05,1917,1872,-1900,-28,2725,3.55563,-62
Silvrettagletscher,A10g-05,1918,1075,-1489,-414,2805,3.55563,-476
Silvrettagletscher,A10g-05,1919,1862,-840,1022,2445,3.55563,546
Silvrettagletscher,A10g-05,1920,2467,-1884,583,2635,3.55563,1129
Silvrettagletscher,A10g-05,1921,815,-3361,-2546,3151,3.55563,-1417
Silvrettagletscher,A10g-05,1922,1151,-803,348,2605,3.55563,-1069
Silvrettagletscher,A10g-05,1923,1446,-1123,323,2605,3.55563,-746
Silvrettagletscher,A10g-05,1924,1378,-774,604,2595,3.55563,-142
Silvrettagletscher,A10g-05,1925,1072,-656,416,2605,3.55563,274
Silvrettagletscher,A10g-05,1926,1273,-774,499,2595,3.55563,773
Silvrettagletscher,A10g-05,1927,2255,-1515,740,2615,3.55563,1513
Silvrettagletscher,A10g-05,1928,1144,-3104,-1960,3144,3.55563,-447
Silvrettagletscher,A10g-05,1929,1315,-2635,-1320,2955,3.55563,-1767
Silvrettagletscher,A10g-05,1930,1109,-1187,-78,2745,3.55563,-1845
Silvrettagletscher,A10g-05,1931,1490,-878,612,2595,3.55563,-1233
Silvrettagletscher,A10g-05,1932,1088,-2051,-963,3025,3.55563,-2196
Silvrettagletscher,A10g-05,1933,1190,-682,508,2595,3.55563,-1688
Silvrettagletscher,A10g-05,1934,997,-1394,-397,2805,3.55563,-2085
Silvrettagletscher,A10g-05,1935,2220,-1776,444,2605,3.55563,-1641
Silvrettagletscher,A10g-05,1936,1736,-1243,493,2615,3.55563,-1148
Silvrettagletscher,A10g-05,1937,1797,-1309,488,2595,3.55563,-660
Silvrettagletscher,A10g-05,1938,919,-1126,-207,2775,3.55563,-867
Silvrettagletscher,A10g-05,1939,1438,-1410,28,2715,3.55563,-839
Silvrettagletscher,A10g-05,1940,1464,-635,829,2555,3.55563,-10
Silvrettagletscher,A10g-05,1941,1502,-1332,170,2695,3.55563,160
Silvrettagletscher,A10g-05,1942,1081,-1934,-853,2875,3.55563,-693
Silvrettagletscher,A10g-05,1943,1273,-1588,-315,2785,3.55563,-1008
Silvrettagletscher,A10g-05,1944,1674,-2025,-351,2815,3.55563,-1359
Silvrettagletscher,A10g-05,1945,2115,-3190,-1075,2895,3.55563,-2434
Silvrettagletscher,A10g-05,1946,1286,-1637,-351,2815,3.55563,-2785
Silvrettagletscher,A10g-05,1947,1427,-4475,-3048,3219,3.55563,-5833
Silvrettagletscher,A10g-05,1948,2194,-908,1286,2475,3.55563,-4547
Silvrettagletscher,A10g-05,1949,981,-2212,-1231,3050,3.23312,-5778
Silvrettagletscher,A10g-05,1950,1427,-3011,-1584,3069,3.23312,-7362
Silvrettagletscher,A10g-05,1951,1781,-1756,25,2735,3.23312,-7337
Silvrettagletscher,A10g-05,1952,1367,-2216,-849,2895,3.23312,-8186
Silvrettagletscher,A10g-05,1953,1598,-1802,-204,2775,3.23312,-8390
Silvrettagletscher,A10g-05,1954,1074,-955,119,2705,3.23312,-8271
Silvrettagletscher,A10g-05,1955,1914,-1048,866,2565,3.23312,-7405
Silvrettagletscher,A10g-05,1956,1523,-1361,162,2715,3.23312,-7243
Silvrettagletscher,A10g-05,1957,1459,-1157,302,2675,3.23312,-6941
Silvrettagletscher,A10g-05,1958,1533,-2154,-621,2865,3.23312,-7562
Silvrettagletscher,A10g-05,1959,1054,-2576,-1522,3072,3.23312,-9084
Silvrettagletscher,A10g-05,1960,1201,-950,251,2675,3.23312,-8833
Silvrettagletscher,A10g-05,1961,1229,-1617,-388,2805,3.23312,-9221
Silvrettagletscher,A10g-05,1962,1601,-1569,32,2745,3.23312,-9189
Silvrettagletscher,A10g-05,1963,994,-2064,-1070,3025,3.23312,-10259
Silvrettagletscher,A10g-05,1964,1059,-2533,-1474,3086,3.23312,-11733
Silvrettagletscher,A10g-05,1965,1589,-394,1195,2525,3.23312,-10538
Silvrettagletscher,A10g-05,1966,2089,-875,1214,2555,3.23312,-9324
Silvrettagletscher,A10g-05,1967,1790,-1408,382,2655,3.1475,-8942
Silvrettagletscher,A10g-05,1968,1574,-997,577,2645,3.1475,-8365
Silvrettagletscher,A10g-05,1969,1012,-1251,-239,2785,3.1475,-8604
Silvrettagletscher,A10g-05,1970,1561,-1382,179,2695,3.1475,-8425
Silvrettagletscher,A10g-05,1971,1031,-1878,-847,3045,3.1475,-9272
Silvrettagletscher,A10g-05,1972,703,-975,-272,2805,3.1475,-9544
Silvrettagletscher,A10g-05,1973,1016,-2071,-1055,3065,3.1475,-10599
Silvrettagletscher,A10g-05,1974,1323,-721,602,2615,3.1475,-9997
Silvrettagletscher,A10g-05,1975,1465,-1238,227,2675,3.1475,-9770
Silvrettagletscher,A10g-05,1976,1113,-1279,-166,2775,3.1475,-9936
Silvrettagletscher,A10g-05,1977,1518,-1118,400,2655,3.1475,-9536
Silvrettagletscher,A10g-05,1978,1370,-430,940,2585,3.1475,-8596
Silvrettagletscher,A10g-05,1979,1186,-1339,-153,2785,3.1475,-8749
Silvrettagletscher,A10g-05,1980,1734,-1169,565,2645,3.13687,-8184
Silvrettagletscher,A10g-05,1981,1826,-1430,396,2665,3.13687,-7788
Silvrettagletscher,A10g-05,1982,1667,-2404,-737,2835,3.13687,-8525
Silvrettagletscher,A10g-05,1983,1595,-2220,-625,2825,3.13687,-9150
Silvrettagletscher,A10g-05,1984,1700,-852,848,2615,3.13687,-8302
Silvrettagletscher,A10g-05,1985,1520,-1164,356,2675,3.13687,-7946
Silvrettagletscher,A10g-05,1986,1695,-1861,-166,2785,3.13687,-8112
Silvrettagletscher,A10g-05,1987,1575,-2413,-838,2865,3.13687,-8950
Silvrettagletscher,A10g-05,1988,1906,-2123,-217,2795,3.13687,-9167
Silvrettagletscher,A10g-05,1989,1700,-2039,-339,2815,3.13687,-9506
Silvrettagletscher,A10g-05,1990,1647,-2210,-563,2835,3.13687,-10069
Silvrettagletscher,A10g-05,1991,1103,-2368,-1265,3147,3.00688,-11334
Silvrettagletscher,A10g-05,1992,2639,-3760,-1121,3113,3.00688,-12455
Silvrettagletscher,A10g-05,1993,2248,-2538,-290,2795,3.00688,-12745
Silvrettagletscher,A10g-05,1994,2167,-2883,-716,2875,3.00688,-13461
Silvrettagletscher,A10g-05,1995,2145,-2086,59,2725,3.00688,-13402
Silvrettagletscher,A10g-05,1996,813,-734,79,2705,3.00688,-13323
Silvrettagletscher,A10g-05,1997,2061,-2443,-382,2895,3.00688,-13705
Silvrettagletscher,A10g-05,1998,1431,-2522,-1091,3148,3.00688,-14796
Silvrettagletscher,A10g-05,1999,3040,-3309,-269,2855,2.88937,-15065
Silvrettagletscher,A10g-05,2000,2629,-2580,49,2745,2.88937,-15016
Silvrettagletscher,A10g-05,2001,2375,-1744,631,2555,2.88937,-14385
Silvrettagletscher,A10g-05,2002,1228,-1826,-598,3072,2.88937,-14983
Silvrettagletscher,A10g-05,2003,1909,-4112,-2203,3270,2.88937,-17186
Silvrettagletscher,A10g-05,2004,1820,-1595,225,2645,2.88937,-16961
Silvrettagletscher,A10g-05,2005,1243,-1941,-698,2955,2.88937,-17659
Silvrettagletscher,A10g-05,2006,1354,-2463,-1109,3078,2.78875,-18768
Silvrettagletscher,A10g-05,2007,1152,-1823,-671,2865,2.78875,-19439
Silvrettagletscher,A10g-05,2008,1430,-2000,-570,2855,2.78875,-20009
Silvrettagletscher,A10g-05,2009,1559,-2662,-1103,2955,2.78875,-21112
Silvrettagletscher,A10g-05,2010,996,-1275,-279,2825,2.78875,-21391
Silvrettagletscher,A10g-05,2011,965,-2472,-1507,3113,2.74125,-22898
Silvrettagletscher,A10g-05,2012,1527,-2863,-1336,3135,2.74125,-24234
Silvrettagletscher,A10g-05,2013,1231,-1495,-264,2795,2.74125,-24498
Silvrettagletscher,A10g-05,2014,1164,-1879,-715,2895,2.68375,-25213
Silvrettagletscher,A10g-05,2015,1223,-2800,-1577,3150,2.68375,-26790
Silvrettagletscher,A10g-05,2016,1321,-1983,-662,2895,2.68375,-27452
Silvrettagletscher,A10g-05,2017,1314,-2755,-1441,3110,2.67062,-28893
Silvrettagletscher,A10g-05,2018,1533,-3414,-1881,3171,2.61563,-30774
Silvrettagletscher,A10g-05,2019,1747,-2750,-1003,3112,2.58188,-31777
Silvrettagletscher,A10g-05,2020,1211,-2207,-996,2945,2.485,-32773
Silvrettagletscher,A10g-05,2021,1312,-2200,-888,2945,2.38875,-33661
Silvrettagletscher,A10g-05,2022,859,-4198,-3339,3338,2.38875,-37000
Silvrettagletscher,A10g-05,2023,1271,-3580,-2309,3203,2.325,-39309
Silvrettagletscher,A10g-05,2024,1787,-3441,-1654,3114,2.2625,-40963
Silvrettagletscher,A10g-05,2025,711,-2983,-2272,3142,2.24437,-43235
St. Annafirn,A51e-12,2012,1416,-2075,-659,2807,0.1937,-659
St. Annafirn,A51e-12,2013,1580,-1876,-296,2762,0.1937,-955
St. Annafirn,A51e-12,2014,1967,-2551,-584,2807,0.1951,-1539
St. Annafirn,A51e-12,2015,1553,-2910,-1357,2969,0.1926,-2896
St. Annafirn,A51e-12,2016,1516,-2437,-921,2807,0.1844,-3817
St. Annafirn,A51e-12,2017,1567,-2704,-1137,2832,0.1844,-4954
St. Annafirn,A51e-12,2018,1810,-2979,-1169,2822,0.1541,-6123
St. Annafirn,A51e-12,2019,2341,-2637,-296,2777,0.1477,-6419
St. Annafirn,A51e-12,2020,1442,-2176,-734,2862,0.1436,-7153
St. Annafirn,A51e-12,2021,1555,-2188,-633,2822,0.1419,-7786
St. Annafirn,A51e-12,2022,1141,-3894,-2753,3077,0.125,-10539
St. Annafirn,A51e-12,2023,970,-3633,-2663,3060,0.1228,-13202
Tiefengletscher,A51e-37,2014,1607,-2508,-901,3245,2.05,-901
Tiefengletscher,A51e-37,2015,2047,-3331,-1284,3315,2.05,-2185
Tiefengletscher,A51e-37,2016,1584,-2169,-585,3175,2.05,-2770
Tiefengletscher,A51e-37,2017,1680,-3537,-1857,3386,2.05,-4627
Tällibodengletscher,B52-20,1956,1475,-1985,-510,2822,0.2676,-510
Tällibodengletscher,B52-20,1957,1133,-1339,-206,2762,0.2676,-716
Tällibodengletscher,B52-20,1958,1983,-2168,-185,2762,0.2676,-901
Tällibodengletscher,B52-20,1959,2002,-2174,-172,2757,0.2676,-1073
Tällibodengletscher,B52-20,1960,1813,-1450,363,2712,0.2676,-710
Tällibodengletscher,B52-20,1961,2248,-1953,295,2722,0.2676,-415
Tällibodengletscher,B52-20,1962,1884,-2295,-411,2772,0.2676,-826
Tällibodengletscher,B52-20,1963,1953,-1849,104,2742,0.2676,-722
Tällibodengletscher,B52-20,1964,2236,-2070,166,2727,0.2676,-556
Tällibodengletscher,B52-20,1965,1040,-1510,-470,2822,0.2676,-1026
Tällibodengletscher,B52-20,1966,1938,-1661,277,2722,0.2676,-749
Tällibodengletscher,B52-20,1967,1626,-1767,-141,2757,0.2676,-890
Tällibodengletscher,B52-20,1968,1022,-728,294,2717,0.2676,-596
Tällibodengletscher,B52-20,1969,2174,-1891,283,2727,0.2676,-313
Tällibodengletscher,B52-20,1970,2061,-1667,394,2652,0.2676,81
Tällibodengletscher,B52-20,1971,1644,-1262,382,2652,0.2676,463
Tällibodengletscher,B52-20,1972,1344,-1408,-64,2742,0.2676,399
Tällibodengletscher,B52-20,1973,1088,-1600,-512,2842,0.2676,-113
Tällibodengletscher,B52-20,1974,2047,-1838,209,2727,0.2676,96
Tällibodengletscher,B52-20,1975,2226,-2109,117,2742,0.2676,213
Tällibodengletscher,B52-20,1976,1709,-1410,299,2722,0.2676,512
Tällibodengletscher,B52-20,1977,3083,-1534,1549,2632,0.2676,2061
Tällibodengletscher,B52-20,1978,3370,-1102,2268,2632,0.2676,4329
Tällibodengletscher,B52-20,1979,1404,-2286,-882,2852,0.2676,3447
Tällibodengletscher,B52-20,1980,2777,-1265,1512,2632,0.2676,4959
Tällibodengletscher,B52-20,1981,1926,-2188,-262,2762,0.2676,4697
Tällibodengletscher,B52-20,1982,1516,-3392,-1876,2987,0.2676,2821
Tällibodengletscher,B52-20,1983,2145,-3144,-999,2852,0.2676,1822
Tällibodengletscher,B52-20,1984,1027,-1534,-507,2842,0.2676,1315
Tällibodengletscher,B52-20,1985,1508,-2535,-1027,2877,0.2676,288
Tällibodengletscher,B52-20,1986,2228,-3039,-811,2847,0.2676,-523
Tällibodengletscher,B52-20,1987,1067,-2345,-1278,2942,0.2676,-1801
Tällibodengletscher,B52-20,1988,1557,-2645,-1088,2852,0.2676,-2889
Tällibodengletscher,B52-20,1989,1943,-2485,-542,2822,0.2676,-3431
Tällibodengletscher,B52-20,1990,892,-3110,-2218,3032,0.2676,-5649
Tällibodengletscher,B52-20,1991,2338,-3064,-726,2837,0.2676,-6375
Tällibodengletscher,B52-20,1992,1226,-2952,-1726,2942,0.2676,-8101
Tällibodengletscher,B52-20,1993,1966,-1673,293,2722,0.2676,-7808
Tällibodengletscher,B52-20,1994,1770,-3308,-1538,2952,0.2676,-9346
Tällibodengletscher,B52-20,1995,1916,-2600,-684,2847,0.2676,-10030
Tällibodengletscher,B52-20,1996,1592,-1669,-77,2742,0.2676,-10107
Vadrec da l'Albigna,C84-16,1955,1104,-1759,-655,2587,6.60938,-655
Vadrec da l'Albigna,C84-16,1956,1395,-2009,-614,2617,6.20125,-1269
Vadrec da l'Albigna,C84-16,1957,967,-1779,-812,2722,5.71438,-2081
Vadrec da l'Albigna,C84-16,1958,1563,-1877,-314,2612,5.7025,-2395
Vadrec da l'Albigna,C84-16,1959,1561,-2399,-838,2617,5.69438,-3233
Vadrec da l'Albigna,C84-16,1960,1723,-1788,-65,2562,5.68125,-3298
Vadrec del Forno,C83-12,1955,1382,-1697,-315,2715,9.45313,-315
Vadrec del Forno,C83-12,1956,1678,-2391,-713,2765,9.37312,-1028
Vadrec del Forno,C83-12,1957,1146,-1689,-543,2765,9.00313,-1571
Vadrec del Forno,C83-12,1958,1749,-2524,-775,2765,8.98687,-2346
Vadrec del Forno,C83-12,1959,1588,-2862,-1274,2805,8.96625,-3620
Vadrec del Forno,C83-12,1960,1558,-1987,-429,2725,8.945,-4049
Vadret Pers,E22-16,2002,782,-1562,-780,3015,7.18875,-780
Vadret Pers,E22-16,2003,2067,-3559,-1492,3125,7.18875,-2272
Vadret Pers,E22-16,2004,1184,-1786,-602,3015,7.18875,-2874
Vadret Pers,E22-16,2005,1084,-2252,-1168,3085,7.18875,-4042
Vadret Pers,E22-16,2006,1155,-2719,-1564,3145,7.18875,-5606
Vadret Pers,E22-16,2007,971,-2389,-1418,3085,7.18875,-7024
Vadret Pers,E22-16,2008,1284,-2356,-1072,3045,7.18875,-8096
Vadret Pers,E22-16,2009,2328,-3030,-702,3015,7.18875,-8798
Vadret Pers,E22-16,2010,1057,-1816,-759,3045,6.89938,-9557
Vadret Pers,E22-16,2011,1039,-1963,-924,3055,6.89938,-10481
Vadret Pers,E22-16,2012,1112,-2264,-1152,3105,6.89938,-11633
Vadret Pers,E22-16,2013,1296,-1918,-622,3055,6.89938,-12255
Vadret Pers,E22-16,2014,1733,-1660,73,2955,6.89938,-12182
Vadret Pers,E22-16,2015,1692,-2810,-1118,3055,6.89938,-13300
Vadret Pers,E22-16,2016,1220,-1963,-743,3015,6.89938,-14043
Vadret Pers,E22-16,2017,835,-1757,-922,3045,6.89938,-14965
Vadret Pers,E22-16,2018,1285,-2598,-1313,3095,6.66062,-16278
Vadret Pers,E22-16,2019,1182,-1552,-370,3015,6.66062,-16648
Vadret Pers,E22-16,2020,1061,-1863,-802,3035,6.66062,-17450
Vadret Pers,E22-16,2021,1567,-2196,-629,3025,6.66062,-18079
Vadret Pers,E22-16,2022,859,-3882,-3023,3405,6.66062,-21102
Vadret Pers,E22-16,2023,929,-2843,-1914,3145,6.5375,-23016
Vadret Pers,E22-16,2024,1807,-2680,-873,3035,6.5375,-23889
Vadret Pers,E22-16,2025,890,-2137,-1247,3115,6.5375,-25136
Vadret dal Corvatsch,E23-18,2013,893,-1655,-762,3456,0.2257,-762
Vadret dal Corvatsch,E23-18,2014,1159,-924,235,3017,0.2257,-527
Vadret dal Corvatsch,E23-18,2015,843,-2437,-1594,3433,0.2257,-2121
Vadret dal Corvatsch,E23-18,2016,707,-1554,-847,3347,0.2257,-2968
Vadret dal Corvatsch,E23-18,2017,446,-2339,-1893,3508,0.2212,-4861
Vadret dal Corvatsch,E23-18,2018,892,-2985,-2093,3450,0.2212,-6954
Vadret dal Corvatsch,E23-18,2019,968,-2859,-1891,3464,0.2212,-8845
Vadret dal Corvatsch,E23-18,2020,723,-1831,-1108,3347,0.1786,-9953
Vadret dal Corvatsch,E23-18,2021,922,-1804,-882,3327,0.1786,-10835
Vadret dal Corvatsch,E23-18,2022,461,-4078,-3617,3658,0.1786,-14452
Vadret dal Corvatsch,E23-18,2023,483,-2077,-1594,3441,0.1655,-16046
Vadret dal Corvatsch,E23-18,2024,1433,-1919,-486,3072,0.1655,-16532
Vadret dal Corvatsch,E23-18,2025,772,-2073,-1301,3427,0.1655,-17833
Vadret dal Murtèl,E23-16,2013,994,-1165,-171,3197,0.3015,-171
Vadret dal Murtèl,E23-16,2014,1509,-730,779,3042,0.3015,608
Vadret dal Murtèl,E23-16,2015,1134,-1919,-785,3217,0.2985,-177
Vadret dal Murtèl,E23-16,2016,910,-1493,-583,3217,0.2985,-760
Vadret dal Murtèl,E23-16,2017,650,-1963,-1313,3252,0.2985,-2073
Vadret dal Murtèl,E23-16,2018,1300,-2811,-1511,3252,0.2944,-3584
Vadret dal Murtèl,E23-16,2019,1327,-2375,-1048,3237,0.271,-4632
Vadret dal Murtèl,E23-16,2020,907,-1437,-530,3217,0.2715,-5162
Vadret dal Murtèl,E23-16,2021,1263,-1577,-314,3207,0.2693,-5476
Vadret dal Murtèl,E23-16,2022,700,-3771,-3071,3297,0.2606,-8547
Vadret dal Murtèl,E23-16,2023,725,-3200,-2475,3282,0.2523,-11022
Vadret dal Murtèl,E23-16,2024,1667,-2414,-747,3197,0.2514,-11769
Vadret dal Murtèl,E23-16,2025,898,-1965,-1067,3212,0.2407,-12836
Vorabgletscher,A14p-01,2012,903,-2382,-1479,2962,1.1954,-1479
Vorabgletscher,A14p-01,2013,1019,-2090,-1071,2902,1.1954,-2550
Vorabgletscher,A14p-01,2014,726,-2007,-1281,2934,1.1954,-3831
Vorabgletscher,A14p-01,2015,948,-2967,-2019,3004,1.1954,-5850
Vorabgletscher,A14p-01,2016,976,-2464,-1488,2955,1.1954,-7338
