canton,annee,population
Suisse,1971,6233744
Zürich,1971,1099732
Bern / Berne,1971,913187
Luzern,1971,289900
Uri,1971,33466
Schwyz,1971,92028
Obwalden,1971,24677
Nidwalden,1971,25592
Glarus,1971,37583
Zug,1971,68912
Fribourg / Freiburg,1971,180316
Solothurn,1971,222073
Basel-Stadt,1971,230356
Basel-Landschaft,1971,203237
Schaffhausen,1971,72081
Appenzell Ausserrhoden,1971,48286
Appenzell Innerrhoden,1971,12961
St. Gallen,1971,382224
Graubünden / Grigioni / Grischun,1971,157184
Aargau,1971,430611
Thurgau,1971,180618
Ticino,1971,247175
Vaud,1971,511085
Valais / Wallis,1971,203743
Neuchâtel,1971,167222
Genève,1971,332595
Jura,1971,66900
Suisse,1972,6288168
Zürich,1972,1110395
Bern / Berne,1972,917409
Luzern,1972,292092
Uri,1972,33672
Schwyz,1972,93097
Obwalden,1972,24862
Nidwalden,1972,25941
Glarus,1972,37542
Zug,1972,70029
Fribourg / Freiburg,1972,181915
Solothurn,1972,223086
Basel-Stadt,1972,229264
Basel-Landschaft,1972,207187
Schaffhausen,1972,72198
Appenzell Ausserrhoden,1972,48324
Appenzell Innerrhoden,1972,13031
St. Gallen,1972,385087
Graubünden / Grigioni / Grischun,1972,158204
Aargau,1972,436261
Thurgau,1972,182091
Ticino,1972,252078
Vaud,1972,516996
Valais / Wallis,1972,207237
Neuchâtel,1972,167121
Genève,1972,335973
Jura,1972,67076
Suisse,1973,6326525
Zürich,1973,1119276
Bern / Berne,1973,920370
Luzern,1973,293814
Uri,1973,33903
Schwyz,1973,94142
Obwalden,1973,25057
Nidwalden,1973,26320
Glarus,1973,37648
Zug,1973,71149
Fribourg / Freiburg,1973,183106
Solothurn,1973,223036
Basel-Stadt,1973,227059
Basel-Landschaft,1973,211201
Schaffhausen,1973,72047
Appenzell Ausserrhoden,1973,48187
Appenzell Innerrhoden,1973,13004
St. Gallen,1973,387960
Graubünden / Grigioni / Grischun,1973,158950
Aargau,1973,441650
Thurgau,1973,184108
Ticino,1973,253423
Vaud,1973,516318
Valais / Wallis,1973,210538
Neuchâtel,1973,167533
Genève,1973,339541
Jura,1973,67185
Suisse,1974,6356285
Zürich,1974,1124225
Bern / Berne,1974,922882
Luzern,1974,295017
Uri,1974,34020
Schwyz,1974,94800
Obwalden,1974,25233
Nidwalden,1974,26651
Glarus,1974,37556
Zug,1974,72093
Fribourg / Freiburg,1974,184654
Solothurn,1974,223564
Basel-Stadt,1974,224297
Basel-Landschaft,1974,213956
Schaffhausen,1974,71853
Appenzell Ausserrhoden,1974,47984
Appenzell Innerrhoden,1974,13003
St. Gallen,1974,390179
Graubünden / Grigioni / Grischun,1974,159677
Aargau,1974,445500
Thurgau,1974,184705
Ticino,1974,255746
Vaud,1974,519608
Valais / Wallis,1974,212856
Neuchâtel,1974,166813
Genève,1974,342276
Jura,1974,67137
Suisse,1975,6320978
Zürich,1975,1117622
Bern / Berne,1975,916818
Luzern,1975,293441
Uri,1975,33848
Schwyz,1975,94700
Obwalden,1975,25229
Nidwalden,1975,26834
Glarus,1975,36912
Zug,1975,72141
Fribourg / Freiburg,1975,183866
Solothurn,1975,221387
Basel-Stadt,1975,220685
Basel-Landschaft,1975,213986
Schaffhausen,1975,70716
Appenzell Ausserrhoden,1975,47602
Appenzell Innerrhoden,1975,12865
St. Gallen,1975,386716
Graubünden / Grigioni / Grischun,1975,159622
Aargau,1975,441946
Thurgau,1975,182416
Ticino,1975,257832
Vaud,1975,517967
Valais / Wallis,1975,213265
Neuchâtel,1975,164146
Genève,1975,342104
Jura,1975,66312
Suisse,1976,6284029
Zürich,1976,1109126
Bern / Berne,1976,911104
Luzern,1976,292358
Uri,1976,33880
Schwyz,1976,94490
Obwalden,1976,25257
Nidwalden,1976,27046
Glarus,1976,36509
Zug,1976,72442
Fribourg / Freiburg,1976,183451
Solothurn,1976,218470
Basel-Stadt,1976,215249
Basel-Landschaft,1976,213470
Schaffhausen,1976,69721
Appenzell Ausserrhoden,1976,47074
Appenzell Innerrhoden,1976,12853
St. Gallen,1976,384442
Graubünden / Grigioni / Grischun,1976,159457
Aargau,1976,440075
Thurgau,1976,181028
Ticino,1976,258500
Vaud,1976,515929
Valais / Wallis,1976,213713
Neuchâtel,1976,161058
Genève,1976,341796
Jura,1976,65531
Suisse,1977,6278319
Zürich,1977,1107266
Bern / Berne,1977,909184
Luzern,1977,292396
Uri,1977,33988
Schwyz,1977,94824
Obwalden,1977,25343
Nidwalden,1977,27423
Glarus,1977,36266
Zug,1977,73231
Fribourg / Freiburg,1977,183099
Solothurn,1977,217052
Basel-Stadt,1977,211518
Basel-Landschaft,1977,214136
Schaffhausen,1977,69231
Appenzell Ausserrhoden,1977,46916
Appenzell Innerrhoden,1977,12791
St. Gallen,1977,384480
Graubünden / Grigioni / Grischun,1977,159328
Aargau,1977,440998
Thurgau,1977,180895
Ticino,1977,260298
Vaud,1977,515872
Valais / Wallis,1977,214466
Neuchâtel,1977,159334
Genève,1977,342876
Jura,1977,65108
Suisse,1978,6285156
Zürich,1978,1109774
Bern / Berne,1978,908267
Luzern,1978,292620
Uri,1978,33713
Schwyz,1978,95132
Obwalden,1978,25356
Nidwalden,1978,27695
Glarus,1978,36081
Zug,1978,73868
Fribourg / Freiburg,1978,183209
Solothurn,1978,216276
Basel-Stadt,1978,208309
Basel-Landschaft,1978,215419
Schaffhausen,1978,69006
Appenzell Ausserrhoden,1978,46910
Appenzell Innerrhoden,1978,12771
St. Gallen,1978,385123
Graubünden / Grigioni / Grischun,1978,159230
Aargau,1978,443739
Thurgau,1978,181097
Ticino,1978,261994
Vaud,1978,516939
Valais / Wallis,1978,215140
Neuchâtel,1978,158551
Genève,1978,344170
Jura,1978,64767
Suisse,1979,6303573
Zürich,1979,1115356
Bern / Berne,1979,908820
Luzern,1979,293197
Uri,1979,33546
Schwyz,1979,95667
Obwalden,1979,25488
Nidwalden,1979,27982
Glarus,1979,36021
Zug,1979,74691
Fribourg / Freiburg,1979,183727
Solothurn,1979,215890
Basel-Stadt,1979,205574
Basel-Landschaft,1979,216976
Schaffhausen,1979,68849
Appenzell Ausserrhoden,1979,46940
Appenzell Innerrhoden,1979,12742
St. Gallen,1979,386179
Graubünden / Grigioni / Grischun,1979,159791
Aargau,1979,447021
Thurgau,1979,181568
Ticino,1979,263624
Vaud,1979,519059
Valais / Wallis,1979,216249
Neuchâtel,1979,157551
Genève,1979,346500
Jura,1979,64565
Suisse,1980,6335243
Zürich,1980,1120815
Bern / Berne,1980,911016
Luzern,1980,294421
Uri,1980,33523
Schwyz,1980,96597
Obwalden,1980,25731
Nidwalden,1980,28321
Glarus,1980,36138
Zug,1980,75677
Fribourg / Freiburg,1980,184497
Solothurn,1980,216563
Basel-Stadt,1980,203598
Basel-Landschaft,1980,218975
Schaffhausen,1980,69043
Appenzell Ausserrhoden,1980,47185
Appenzell Innerrhoden,1980,12757
St. Gallen,1980,388975
Graubünden / Grigioni / Grischun,1980,161253
Aargau,1980,450794
Thurgau,1980,182677
Ticino,1980,265588
Vaud,1980,522340
Valais / Wallis,1980,217795
Neuchâtel,1980,157091
Genève,1980,349562
Jura,1980,64311
Suisse,1981,6372904
Zürich,1981,1123840
Bern / Berne,1981,914753
Luzern,1981,296378
Uri,1981,33471
Schwyz,1981,97519
Obwalden,1981,26191
Nidwalden,1981,28888
Glarus,1981,36249
Zug,1981,76348
Fribourg / Freiburg,1981,185901
Solothurn,1981,217784
Basel-Stadt,1981,202121
Basel-Landschaft,1981,220053
Schaffhausen,1981,69610
Appenzell Ausserrhoden,1981,47702
Appenzell Innerrhoden,1981,12781
St. Gallen,1981,391671
Graubünden / Grigioni / Grischun,1981,162582
Aargau,1981,455379
Thurgau,1981,184872
Ticino,1981,268748
Vaud,1981,526552
Valais / Wallis,1981,219953
Neuchâtel,1981,156803
Genève,1981,352461
Jura,1981,64294
Suisse,1982,6409713
Zürich,1982,1127659
Bern / Berne,1982,918323
Luzern,1982,298597
Uri,1982,33595
Schwyz,1982,98566
Obwalden,1982,26569
Nidwalden,1982,29278
Glarus,1982,36196
Zug,1982,77184
Fribourg / Freiburg,1982,187597
Solothurn,1982,217942
Basel-Stadt,1982,201139
Basel-Landschaft,1982,221167
Schaffhausen,1982,69735
Appenzell Ausserrhoden,1982,48223
Appenzell Innerrhoden,1982,12904
St. Gallen,1982,394387
Graubünden / Grigioni / Grischun,1982,163503
Aargau,1982,458992
Thurgau,1982,186557
Ticino,1982,271233
Vaud,1982,531413
Valais / Wallis,1982,222668
Neuchâtel,1982,156020
Genève,1982,355806
Jura,1982,64460
Suisse,1983,6427833
Zürich,1983,1124690
Bern / Berne,1983,919980
Luzern,1983,300237
Uri,1983,33552
Schwyz,1983,99834
Obwalden,1983,26813
Nidwalden,1983,29765
Glarus,1983,36240
Zug,1983,77864
Fribourg / Freiburg,1983,188882
Solothurn,1983,217804
Basel-Stadt,1983,199203
Basel-Landschaft,1983,222155
Schaffhausen,1983,69650
Appenzell Ausserrhoden,1983,48582
Appenzell Innerrhoden,1983,13014
St. Gallen,1983,396520
Graubünden / Grigioni / Grischun,1983,163949
Aargau,1983,461968
Thurgau,1983,187706
Ticino,1983,272178
Vaud,1983,535239
Valais / Wallis,1983,225094
Neuchâtel,1983,154790
Genève,1983,357752
Jura,1983,64372
Suisse,1984,6455896
Zürich,1984,1126848
Bern / Berne,1984,921476
Luzern,1984,302245
Uri,1984,33589
Schwyz,1984,100875
Obwalden,1984,27046
Nidwalden,1984,30153
Glarus,1984,36423
Zug,1984,78978
Fribourg / Freiburg,1984,190394
Solothurn,1984,218148
Basel-Stadt,1984,197470
Basel-Landschaft,1984,223492
Schaffhausen,1984,69630
Appenzell Ausserrhoden,1984,48803
Appenzell Innerrhoden,1984,13042
St. Gallen,1984,398626
Graubünden / Grigioni / Grischun,1984,164836
Aargau,1984,464626
Thurgau,1984,189155
Ticino,1984,273528
Vaud,1984,539627
Valais / Wallis,1984,227274
Neuchâtel,1984,154719
Genève,1984,360462
Jura,1984,64431
Suisse,1985,6484834
Zürich,1985,1128248
Bern / Berne,1985,922863
Luzern,1985,303901
Uri,1985,33517
Schwyz,1985,102063
Obwalden,1985,27330
Nidwalden,1985,30601
Glarus,1985,36419
Zug,1985,80273
Fribourg / Freiburg,1985,192440
Solothurn,1985,218662
Basel-Stadt,1985,195858
Basel-Landschaft,1985,224972
Schaffhausen,1985,69643
Appenzell Ausserrhoden,1985,49140
Appenzell Innerrhoden,1985,13128
St. Gallen,1985,401216
Graubünden / Grigioni / Grischun,1985,165589
Aargau,1985,468163
Thurgau,1985,190699
Ticino,1985,275261
Vaud,1985,543667
Valais / Wallis,1985,229470
Neuchâtel,1985,154909
Genève,1985,362157
Jura,1985,64645
Suisse,1986,6523413
Zürich,1986,1131484
Bern / Berne,1986,925463
Luzern,1986,306132
Uri,1986,33456
Schwyz,1986,103358
Obwalden,1986,27594
Nidwalden,1986,31041
Glarus,1986,36580
Zug,1986,81634
Fribourg / Freiburg,1986,194645
Solothurn,1986,219458
Basel-Stadt,1986,194340
Basel-Landschaft,1986,225836
Schaffhausen,1986,69781
Appenzell Ausserrhoden,1986,49342
Appenzell Innerrhoden,1986,13137
St. Gallen,1986,403931
Graubünden / Grigioni / Grischun,1986,166494
Aargau,1986,472685
Thurgau,1986,192439
Ticino,1986,277220
Vaud,1986,550336
Valais / Wallis,1986,232550
Neuchâtel,1986,156216
Genève,1986,363550
Jura,1986,64711
Suisse,1987,6566799
Zürich,1987,1136566
Bern / Berne,1987,928758
Luzern,1987,308741
Uri,1987,33435
Schwyz,1987,104634
Obwalden,1987,27749
Nidwalden,1987,31347
Glarus,1987,36674
Zug,1987,82790
Fribourg / Freiburg,1987,197175
Solothurn,1987,220252
Basel-Stadt,1987,192559
Basel-Landschaft,1987,227126
Schaffhausen,1987,70094
Appenzell Ausserrhoden,1987,49782
Appenzell Innerrhoden,1987,13140
St. Gallen,1987,407012
Graubünden / Grigioni / Grischun,1987,167143
Aargau,1987,478511
Thurgau,1987,195219
Ticino,1987,278647
Vaud,1987,556942
Valais / Wallis,1987,235390
Neuchâtel,1987,156943
Genève,1987,365525
Jura,1987,64645
Suisse,1988,6619973
Zürich,1988,1141494
Bern / Berne,1988,932577
Luzern,1988,311761
Uri,1988,33544
Schwyz,1988,106409
Obwalden,1988,27896
Nidwalden,1988,31619
Glarus,1988,36953
Zug,1988,83419
Fribourg / Freiburg,1988,200166
Solothurn,1988,221464
Basel-Stadt,1988,190854
Basel-Landschaft,1988,228151
Schaffhausen,1988,70317
Appenzell Ausserrhoden,1988,50328
Appenzell Innerrhoden,1988,13333
St. Gallen,1988,410773
Graubünden / Grigioni / Grischun,1988,167904
Aargau,1988,484308
Thurgau,1988,198371
Ticino,1988,280630
Vaud,1988,565181
Valais / Wallis,1988,239048
Neuchâtel,1988,157436
Genève,1988,371356
Jura,1988,64681
Suisse,1989,6673850
Zürich,1989,1144899
Bern / Berne,1989,937365
Luzern,1989,314837
Uri,1989,33511
Schwyz,1989,108063
Obwalden,1989,28323
Nidwalden,1989,32030
Glarus,1989,37253
Zug,1989,84009
Fribourg / Freiburg,1989,204328
Solothurn,1989,223534
Basel-Stadt,1989,190347
Basel-Landschaft,1989,229030
Schaffhausen,1989,70949
Appenzell Ausserrhoden,1989,50882
Appenzell Innerrhoden,1989,13504
St. Gallen,1989,414718
Graubünden / Grigioni / Grischun,1989,169005
Aargau,1989,490412
Thurgau,1989,201620
Ticino,1989,283023
Vaud,1989,571973
Valais / Wallis,1989,243705
Neuchâtel,1989,158569
Genève,1989,373019
Jura,1989,64942
Suisse,1990,6750693
Zürich,1990,1150546
Bern / Berne,1990,945573
Luzern,1990,319525
Uri,1990,33650
Schwyz,1990,110526
Obwalden,1990,28813
Nidwalden,1990,32628
Glarus,1990,37648
Zug,1990,84908
Fribourg / Freiburg,1990,207751
Solothurn,1990,226655
Basel-Stadt,1990,191787
Basel-Landschaft,1990,230112
Schaffhausen,1990,71697
Appenzell Ausserrhoden,1990,51470
Appenzell Innerrhoden,1990,13573
St. Gallen,1990,420268
Graubünden / Grigioni / Grischun,1990,170411
Aargau,1990,496280
Thurgau,1990,205946
Ticino,1990,286725
Vaud,1990,583625
Valais / Wallis,1990,248313
Neuchâtel,1990,160609
Genève,1990,375957
Jura,1990,65697
Suisse,1991,6842768
Zürich,1991,1151718
Bern / Berne,1991,949770
Luzern,1991,326283
Uri,1991,35363
Schwyz,1991,113553
Obwalden,1991,29712
Nidwalden,1991,34344
Glarus,1991,38720
Zug,1991,85882
Fribourg / Freiburg,1991,210783
Solothurn,1991,232600
Basel-Stadt,1991,195647
Basel-Landschaft,1991,232333
Schaffhausen,1991,72457
Appenzell Ausserrhoden,1991,52437
Appenzell Innerrhoden,1991,14251
St. Gallen,1991,427648
Graubünden / Grigioni / Grischun,1991,176188
Aargau,1991,506818
Thurgau,1991,210542
Ticino,1991,290000
Vaud,1991,587283
Valais / Wallis,1991,257730
Neuchâtel,1991,161774
Genève,1991,381404
Jura,1991,67528
Suisse,1992,6907959
Zürich,1992,1158077
Bern / Berne,1992,953458
Luzern,1992,331830
Uri,1992,35544
Schwyz,1992,116090
Obwalden,1992,30247
Nidwalden,1992,34866
Glarus,1992,38976
Zug,1992,87065
Fribourg / Freiburg,1992,214555
Solothurn,1992,234878
Basel-Stadt,1992,196634
Basel-Landschaft,1992,233151
Schaffhausen,1992,73028
Appenzell Ausserrhoden,1992,53449
Appenzell Innerrhoden,1992,14548
St. Gallen,1992,432819
Graubünden / Grigioni / Grischun,1992,179279
Aargau,1992,511979
Thurgau,1992,213167
Ticino,1992,294108
Vaud,1992,593007
Valais / Wallis,1992,262389
Neuchâtel,1992,162581
Genève,1992,383911
Jura,1992,68323
Suisse,1993,6968570
Zürich,1993,1162083
Bern / Berne,1993,956617
Luzern,1993,335385
Uri,1993,35727
Schwyz,1993,118528
Obwalden,1993,30837
Nidwalden,1993,35393
Glarus,1993,39138
Zug,1993,88583
Fribourg / Freiburg,1993,218704
Solothurn,1993,236389
Basel-Stadt,1993,197403
Basel-Landschaft,1993,234910
Schaffhausen,1993,73588
Appenzell Ausserrhoden,1993,54087
Appenzell Innerrhoden,1993,14680
St. Gallen,1993,436967
Graubünden / Grigioni / Grischun,1993,181957
Aargau,1993,518945
Thurgau,1993,217129
Ticino,1993,297955
Vaud,1993,596736
Valais / Wallis,1993,266713
Neuchâtel,1993,163884
Genève,1993,387606
Jura,1993,68626
Suisse,1994,7019019
Zürich,1994,1168567
Bern / Berne,1994,941747
Luzern,1994,337941
Uri,1994,35933
Schwyz,1994,120576
Obwalden,1994,30958
Nidwalden,1994,35983
Glarus,1994,39388
Zug,1994,90412
Fribourg / Freiburg,1994,222227
Solothurn,1994,237338
Basel-Stadt,1994,197054
Basel-Landschaft,1994,251259
Schaffhausen,1994,73894
Appenzell Ausserrhoden,1994,54227
Appenzell Innerrhoden,1994,14742
St. Gallen,1994,440744
Graubünden / Grigioni / Grischun,1994,184155
Aargau,1994,523114
Thurgau,1994,220335
Ticino,1994,302131
Vaud,1994,602099
Valais / Wallis,1994,269341
Neuchâtel,1994,164176
Genève,1994,391699
Jura,1994,68979
Suisse,1995,7062354
Zürich,1995,1175457
Bern / Berne,1995,941952
Luzern,1995,340536
Uri,1995,35876
Schwyz,1995,122409
Obwalden,1995,31310
Nidwalden,1995,36466
Glarus,1995,39410
Zug,1995,92392
Fribourg / Freiburg,1995,224552
Solothurn,1995,239264
Basel-Stadt,1995,195759
Basel-Landschaft,1995,252331
Schaffhausen,1995,74035
Appenzell Ausserrhoden,1995,54104
Appenzell Innerrhoden,1995,14750
St. Gallen,1995,442350
Graubünden / Grigioni / Grischun,1995,185063
Aargau,1995,528887
Thurgau,1995,223372
Ticino,1995,305199
Vaud,1995,605677
Valais / Wallis,1995,271291
Neuchâtel,1995,165258
Genève,1995,395466
Jura,1995,69188
Suisse,1996,7081346
Zürich,1996,1178848
Bern / Berne,1996,940928
Luzern,1996,341809
Uri,1996,35861
Schwyz,1996,123788
Obwalden,1996,31440
Nidwalden,1996,36794
Glarus,1996,39161
Zug,1996,93737
Fribourg / Freiburg,1996,227866
Solothurn,1996,240777
Basel-Stadt,1996,194913
Basel-Landschaft,1996,253911
Schaffhausen,1996,73835
Appenzell Ausserrhoden,1996,54136
Appenzell Innerrhoden,1996,14833
St. Gallen,1996,443839
Graubünden / Grigioni / Grischun,1996,185999
Aargau,1996,531665
Thurgau,1996,224822
Ticino,1996,304830
Vaud,1996,606471
Valais / Wallis,1996,272315
Neuchâtel,1996,165232
Genève,1996,394588
Jura,1996,68948
Suisse,1997,7096465
Zürich,1997,1181614
Bern / Berne,1997,938647
Luzern,1997,342916
Uri,1997,35769
Schwyz,1997,125149
Obwalden,1997,31831
Nidwalden,1997,37232
Glarus,1997,38735
Zug,1997,95098
Fribourg / Freiburg,1997,229947
Solothurn,1997,241559
Basel-Stadt,1997,193053
Basel-Landschaft,1997,255305
Schaffhausen,1997,73741
Appenzell Ausserrhoden,1997,54011
Appenzell Innerrhoden,1997,14887
St. Gallen,1997,443880
Graubünden / Grigioni / Grischun,1997,185532
Aargau,1997,534028
Thurgau,1997,225395
Ticino,1997,305588
Vaud,1997,608153
Valais / Wallis,1997,273362
Neuchâtel,1997,165410
Genève,1997,396659
Jura,1997,68964
Suisse,1998,7123537
Zürich,1998,1187609
Bern / Berne,1998,941144
Luzern,1998,343254
Uri,1998,35612
Schwyz,1998,126479
Obwalden,1998,31989
Nidwalden,1998,37320
Glarus,1998,38698
Zug,1998,96517
Fribourg / Freiburg,1998,232086
Solothurn,1998,243450
Basel-Stadt,1998,190505
Basel-Landschaft,1998,256761
Schaffhausen,1998,73725
Appenzell Ausserrhoden,1998,53816
Appenzell Innerrhoden,1998,14873
St. Gallen,1998,444891
Graubünden / Grigioni / Grischun,1998,186118
Aargau,1998,536462
Thurgau,1998,226479
Ticino,1998,306179
Vaud,1998,611613
Valais / Wallis,1998,274458
Neuchâtel,1998,165594
Genève,1998,398910
Jura,1998,68995
Suisse,1999,7164444
Zürich,1999,1198569
Bern / Berne,1999,943427
Luzern,1999,345357
Uri,1999,35487
Schwyz,1999,128248
Obwalden,1999,32225
Nidwalden,1999,37657
Glarus,1999,38708
Zug,1999,97758
Fribourg / Freiburg,1999,234307
Solothurn,1999,243908
Basel-Stadt,1999,188458
Basel-Landschaft,1999,258602
Schaffhausen,1999,73552
Appenzell Ausserrhoden,1999,53737
Appenzell Innerrhoden,1999,14946
St. Gallen,1999,447609
Graubünden / Grigioni / Grischun,1999,186026
Aargau,1999,540639
Thurgau,1999,227285
Ticino,1999,308498
Vaud,1999,616275
Valais / Wallis,1999,275632
Neuchâtel,1999,165649
Genève,1999,403067
Jura,1999,68818
Suisse,2000,7204055
Zürich,2000,1211647
Bern / Berne,2000,943696
Luzern,2000,347209
Uri,2000,35246
Schwyz,2000,130232
Obwalden,2000,32414
Nidwalden,2000,38000
Glarus,2000,38546
Zug,2000,99388
Fribourg / Freiburg,2000,236339
Solothurn,2000,244015
Basel-Stadt,2000,187667
Basel-Landschaft,2000,260036
Schaffhausen,2000,73305
Appenzell Ausserrhoden,2000,53515
Appenzell Innerrhoden,2000,15021
St. Gallen,2000,449399
Graubünden / Grigioni / Grischun,2000,186744
Aargau,2000,544306
Thurgau,2000,227306
Ticino,2000,310215
Vaud,2000,620294
Valais / Wallis,2000,276170
Neuchâtel,2000,165731
Genève,2000,408820
Jura,2000,68794
Suisse,2001,7255653
Zürich,2001,1226931
Bern / Berne,2001,946310
Luzern,2001,350017
Uri,2001,34992
Schwyz,2001,131264
Obwalden,2001,32678
Nidwalden,2001,38389
Glarus,2001,38216
Zug,2001,101022
Fribourg / Freiburg,2001,240339
Solothurn,2001,245264
Basel-Stadt,2001,186469
Basel-Landschaft,2001,261083
Schaffhausen,2001,73229
Appenzell Ausserrhoden,2001,53138
Appenzell Innerrhoden,2001,14977
St. Gallen,2001,452904
Graubünden / Grigioni / Grischun,2001,185225
Aargau,2001,550298
Thurgau,2001,228206
Ticino,2001,312528
Vaud,2001,624980
Valais / Wallis,2001,278419
Neuchâtel,2001,166227
Genève,2001,413618
Jura,2001,68930
Suisse,2002,7313853
Zürich,2002,1241312
Bern / Berne,2002,949590
Luzern,2002,351889
Uri,2002,35209
Schwyz,2002,133227
Obwalden,2002,32961
Nidwalden,2002,38736
Glarus,2002,38322
Zug,2002,102407
Fribourg / Freiburg,2002,243400
Solothurn,2002,246280
Basel-Stadt,2002,186719
Basel-Landschaft,2002,262949
Schaffhausen,2002,73834
Appenzell Ausserrhoden,2002,53097
Appenzell Innerrhoden,2002,14985
St. Gallen,2002,455251
Graubünden / Grigioni / Grischun,2002,185771
Aargau,2002,555782
Thurgau,2002,229904
Ticino,2002,315256
Vaud,2002,631039
Valais / Wallis,2002,281345
Neuchâtel,2002,166767
Genève,2002,418747
Jura,2002,69074
Suisse,2003,7364148
Zürich,2003,1249893
Bern / Berne,2003,951957
Luzern,2003,353175
Uri,2003,35118
Schwyz,2003,134903
Obwalden,2003,33142
Nidwalden,2003,39070
Glarus,2003,38502
Zug,2003,103642
Fribourg / Freiburg,2003,246656
Solothurn,2003,246807
Basel-Stadt,2003,186653
Basel-Landschaft,2003,264402
Schaffhausen,2003,73968
Appenzell Ausserrhoden,2003,52976
Appenzell Innerrhoden,2003,15010
St. Gallen,2003,457289
Graubünden / Grigioni / Grischun,2003,186943
Aargau,2003,560674
Thurgau,2003,231836
Ticino,2003,317315
Vaud,2003,639105
Valais / Wallis,2003,285008
Neuchâtel,2003,167047
Genève,2003,423993
Jura,2003,69064
Suisse,2004,7415102
Zürich,2004,1261810
Bern / Berne,2004,955378
Luzern,2004,354731
Uri,2004,35083
Schwyz,2004,135989
Obwalden,2004,33162
Nidwalden,2004,39497
Glarus,2004,38317
Zug,2004,105244
Fribourg / Freiburg,2004,250377
Solothurn,2004,247379
Basel-Stadt,2004,186753
Basel-Landschaft,2004,265305
Schaffhausen,2004,73788
Appenzell Ausserrhoden,2004,52841
Appenzell Innerrhoden,2004,15029
St. Gallen,2004,458821
Graubünden / Grigioni / Grischun,2004,187812
Aargau,2004,565122
Thurgau,2004,232978
Ticino,2004,319931
Vaud,2004,647382
Valais / Wallis,2004,287976
Neuchâtel,2004,167910
Genève,2004,427396
Jura,2004,69091
Suisse,2005,7459128
Zürich,2005,1272590
Bern / Berne,2005,957064
Luzern,2005,356384
Uri,2005,35087
Schwyz,2005,137522
Obwalden,2005,33269
Nidwalden,2005,39803
Glarus,2005,38173
Zug,2005,106496
Fribourg / Freiburg,2005,253954
Solothurn,2005,247937
Basel-Stadt,2005,185601
Basel-Landschaft,2005,266089
Schaffhausen,2005,73764
Appenzell Ausserrhoden,2005,52561
Appenzell Innerrhoden,2005,15220
St. Gallen,2005,459999
Graubünden / Grigioni / Grischun,2005,187803
Aargau,2005,569344
Thurgau,2005,234332
Ticino,2005,322276
Vaud,2005,654093
Valais / Wallis,2005,291575
Neuchâtel,2005,168444
Genève,2005,430638
Jura,2005,69110
Suisse,2006,7508739
Zürich,2006,1284052
Bern / Berne,2006,958897
Luzern,2006,359110
Uri,2006,34948
Schwyz,2006,138832
Obwalden,2006,33755
Nidwalden,2006,40012
Glarus,2006,38084
Zug,2006,107171
Fribourg / Freiburg,2006,258252
Solothurn,2006,248613
Basel-Stadt,2006,184822
Basel-Landschaft,2006,267166
Schaffhausen,2006,73866
Appenzell Ausserrhoden,2006,52509
Appenzell Innerrhoden,2006,15300
St. Gallen,2006,461810
Graubünden / Grigioni / Grischun,2006,187920
Aargau,2006,574813
Thurgau,2006,235764
Ticino,2006,324851
Vaud,2006,662145
Valais / Wallis,2006,294608
Neuchâtel,2006,168912
Genève,2006,433235
Jura,2006,69292
Suisse,2007,7593494
Zürich,2007,1307567
Bern / Berne,2007,962982
Luzern,2007,363475
Uri,2007,34989
Schwyz,2007,141024
Obwalden,2007,33997
Nidwalden,2007,40287
Glarus,2007,38237
Zug,2007,109141
Fribourg / Freiburg,2007,263241
Solothurn,2007,250240
Basel-Stadt,2007,185227
Basel-Landschaft,2007,269145
Schaffhausen,2007,74527
Appenzell Ausserrhoden,2007,52654
Appenzell Innerrhoden,2007,15471
St. Gallen,2007,465937
Graubünden / Grigioni / Grischun,2007,188762
Aargau,2007,581562
Thurgau,2007,238316
Ticino,2007,328580
Vaud,2007,672039
Valais / Wallis,2007,298580
Neuchâtel,2007,169782
Genève,2007,438177
Jura,2007,69555
Suisse,2008,7701856
Zürich,2008,1332727
Bern / Berne,2008,969299
Luzern,2008,368742
Uri,2008,35162
Schwyz,2008,143719
Obwalden,2008,34429
Nidwalden,2008,40737
Glarus,2008,38370
Zug,2008,110384
Fribourg / Freiburg,2008,268537
Solothurn,2008,251830
Basel-Stadt,2008,186672
Basel-Landschaft,2008,271214
Schaffhausen,2008,75303
Appenzell Ausserrhoden,2008,53054
Appenzell Innerrhoden,2008,15549
St. Gallen,2008,471152
Graubünden / Grigioni / Grischun,2008,190459
Aargau,2008,591632
Thurgau,2008,241811
Ticino,2008,332736
Vaud,2008,688245
Valais / Wallis,2008,303241
Neuchâtel,2008,170924
Genève,2008,446106
Jura,2008,69822
Suisse,2009,7785806
Zürich,2009,1351297
Bern / Berne,2009,974235
Luzern,2009,372964
Uri,2009,35335
Schwyz,2009,144686
Obwalden,2009,35032
Nidwalden,2009,40794
Glarus,2009,38479
Zug,2009,110890
Fribourg / Freiburg,2009,273159
Solothurn,2009,252748
Basel-Stadt,2009,187898
Basel-Landschaft,2009,272815
Schaffhausen,2009,75657
Appenzell Ausserrhoden,2009,53043
Appenzell Innerrhoden,2009,15681
St. Gallen,2009,474676
Graubünden / Grigioni / Grischun,2009,191861
Aargau,2009,600040
Thurgau,2009,244805
Ticino,2009,335720
Vaud,2009,701526
Valais / Wallis,2009,307392
Neuchâtel,2009,171647
Genève,2009,453292
Jura,2009,70134
Suisse,2010,7864012
Zürich,2010,1368822
Bern / Berne,2010,978248
Luzern,2010,376395
Uri,2010,35301
Schwyz,2010,146285
Obwalden,2010,35492
Nidwalden,2010,40922
Glarus,2010,38568
Zug,2010,112237
Fribourg / Freiburg,2010,277824
Solothurn,2010,254758
Basel-Stadt,2010,189431
Basel-Landschaft,2010,273887
Schaffhausen,2010,76345
Appenzell Ausserrhoden,2010,52938
Appenzell Innerrhoden,2010,15655
St. Gallen,2010,477746
Graubünden / Grigioni / Grischun,2010,192702
Aargau,2010,608299
Thurgau,2010,247781
Ticino,2010,339946
Vaud,2010,711818
Valais / Wallis,2010,311985
Neuchâtel,2010,171904
Genève,2010,458559
Jura,2010,70164
Suisse,2011,7954662
Zürich,2011,1392396
Bern / Berne,2011,985000
Luzern,2011,381966
Uri,2011,35382
Schwyz,2011,147904
Obwalden,2011,35885
Nidwalden,2011,41311
Glarus,2011,39217
Zug,2011,115104
Fribourg / Freiburg,2011,284714
Solothurn,2011,256990
Basel-Stadt,2011,186255
Basel-Landschaft,2011,275360
Schaffhausen,2011,77139
Appenzell Ausserrhoden,2011,53313
Appenzell Innerrhoden,2011,15743
St. Gallen,2011,483156
Graubünden / Grigioni / Grischun,2011,193388
Aargau,2011,618298
Thurgau,2011,251973
Ticino,2011,336943
Vaud,2011,725944
Valais / Wallis,2011,317022
Neuchâtel,2011,173183
Genève,2011,460534
Jura,2011,70542
Suisse,2012,8039060
Zürich,2012,1408575
Bern / Berne,2012,992567
Luzern,2012,386082
Uri,2012,35693
Schwyz,2012,149830
Obwalden,2012,36115
Nidwalden,2012,41584
Glarus,2012,39369
Zug,2012,116575
Fribourg / Freiburg,2012,291445
Solothurn,2012,259283
Basel-Stadt,2012,187425
Basel-Landschaft,2012,276537
Schaffhausen,2012,77955
Appenzell Ausserrhoden,2012,53438
Appenzell Innerrhoden,2012,15717
St. Gallen,2012,487060
Graubünden / Grigioni / Grischun,2012,193920
Aargau,2012,627340
Thurgau,2012,256213
Ticino,2012,341652
Vaud,2012,734356
Valais / Wallis,2012,321732
Neuchâtel,2012,174554
Genève,2012,463101
Jura,2012,70942
Suisse,2013,8139631
Zürich,2013,1425538
Bern / Berne,2013,1001232
Luzern,2013,390349
Uri,2013,35865
Schwyz,2013,151396
Obwalden,2013,36507
Nidwalden,2013,41888
Glarus,2013,39593
Zug,2013,118118
Fribourg / Freiburg,2013,297671
Solothurn,2013,261437
Basel-Stadt,2013,189335
Basel-Landschaft,2013,278656
Schaffhausen,2013,78783
Appenzell Ausserrhoden,2013,53691
Appenzell Innerrhoden,2013,15778
St. Gallen,2013,491699
Graubünden / Grigioni / Grischun,2013,194959
Aargau,2013,636362
Thurgau,2013,260278
Ticino,2013,346539
Vaud,2013,749373
Valais / Wallis,2013,327011
Neuchâtel,2013,176402
Genève,2013,469433
Jura,2013,71738
Suisse,2014,8237666
Zürich,2014,1446354
Bern / Berne,2014,1009370
Luzern,2014,394604
Uri,2014,36008
Schwyz,2014,152759
Obwalden,2014,36834
Nidwalden,2014,42080
Glarus,2014,39794
Zug,2014,120089
Fribourg / Freiburg,2014,303425
Solothurn,2014,263719
Basel-Stadt,2014,190580
Basel-Landschaft,2014,281301
Schaffhausen,2014,79417
Appenzell Ausserrhoden,2014,54064
Appenzell Innerrhoden,2014,15854
St. Gallen,2014,495824
Graubünden / Grigioni / Grischun,2014,195886
Aargau,2014,645277
Thurgau,2014,263733
Ticino,2014,350363
Vaud,2014,761446
Valais / Wallis,2014,331763
Neuchâtel,2014,177327
Genève,2014,477385
Jura,2014,72410
Suisse,2015,8327126
Zürich,2015,1466424
Bern / Berne,2015,1017434
Luzern,2015,398762
Uri,2015,35973
Schwyz,2015,154093
Obwalden,2015,37076
Nidwalden,2015,42420
Glarus,2015,40028
Zug,2015,122134
Fribourg / Freiburg,2015,307510
Solothurn,2015,266418
Basel-Stadt,2015,191817
Basel-Landschaft,2015,283231
Schaffhausen,2015,79836
Appenzell Ausserrhoden,2015,54543
Appenzell Innerrhoden,2015,15974
St. Gallen,2015,499065
Graubünden / Grigioni / Grischun,2015,196610
Aargau,2015,653675
Thurgau,2015,267429
Ticino,2015,351946
Vaud,2015,773407
Valais / Wallis,2015,335696
Neuchâtel,2015,178107
Genève,2015,484736
Jura,2015,72782
Suisse,2016,8419550
Zürich,2016,1487969
Bern / Berne,2016,1026464
Luzern,2016,403397
Uri,2016,36145
Schwyz,2016,155863
Obwalden,2016,37378
Nidwalden,2016,42556
Glarus,2016,40147
Zug,2016,123948
Fribourg / Freiburg,2016,311963
Solothurn,2016,269441
Basel-Stadt,2016,193070
Basel-Landschaft,2016,285624
Schaffhausen,2016,80769
Appenzell Ausserrhoden,2016,54954
Appenzell Innerrhoden,2016,16003
St. Gallen,2016,502552
Graubünden / Grigioni / Grischun,2016,197550
Aargau,2016,663462
Thurgau,2016,270709
Ticino,2016,354375
Vaud,2016,784822
Valais / Wallis,2016,339176
Neuchâtel,2016,178567
Genève,2016,489524
Jura,2016,73122
Suisse,2017,8484130
Zürich,2017,1504346
Bern / Berne,2017,1031080
Luzern,2017,406506
Uri,2017,36299
Schwyz,2017,157301
Obwalden,2017,37575
Nidwalden,2017,42969
Glarus,2017,40349
Zug,2017,125421
Fribourg / Freiburg,2017,315120
Solothurn,2017,271432
Basel-Stadt,2017,193908
Basel-Landschaft,2017,287023
Schaffhausen,2017,81351
Appenzell Ausserrhoden,2017,55178
Appenzell Innerrhoden,2017,16105
St. Gallen,2017,504686
Graubünden / Grigioni / Grischun,2017,197888
Aargau,2017,670988
Thurgau,2017,273801
Ticino,2017,353709
Vaud,2017,793129
Valais / Wallis,2017,341463
Neuchâtel,2017,177964
Genève,2017,495249
Jura,2017,73290
Suisse,2018,8544527
Zürich,2018,1520968
Bern / Berne,2018,1034931
Luzern,2018,409557
Uri,2018,36433
Schwyz,2018,159165
Obwalden,2018,37841
Nidwalden,2018,43223
Glarus,2018,40403
Zug,2018,126837
Fribourg / Freiburg,2018,318760
Solothurn,2018,273194
Basel-Stadt,2018,194766
Basel-Landschaft,2018,288132
Schaffhausen,2018,81991
Appenzell Ausserrhoden,2018,55234
Appenzell Innerrhoden,2018,16145
St. Gallen,2018,507697
Graubünden / Grigioni / Grischun,2018,198379
Aargau,2018,678207
Thurgau,2018,276472
Ticino,2018,353343
Vaud,2018,799145
Valais / Wallis,2018,343955
Neuchâtel,2018,176850
Genève,2018,499480
Jura,2018,73419
Suisse,2019,8606033
Zürich,2019,1539275
Bern / Berne,2019,1039426
Luzern,2019,413120
Uri,2019,36703
Schwyz,2019,160480
Obwalden,2019,37930
Nidwalden,2019,43087
Glarus,2019,40590
Zug,2019,127642
Fribourg / Freiburg,2019,321831
Solothurn,2019,275247
Basel-Stadt,2019,195844
Basel-Landschaft,2019,289468
Schaffhausen,2019,82348
Appenzell Ausserrhoden,2019,55445
Appenzell Innerrhoden,2019,16128
St. Gallen,2019,510734
Graubünden / Grigioni / Grischun,2019,199021
Aargau,2019,685845
Thurgau,2019,279547
Ticino,2019,351491
Vaud,2019,805098
Valais / Wallis,2019,345525
Neuchâtel,2019,176496
Genève,2019,504128
Jura,2019,73584
Suisse,2020,8670300
Zürich,2020,1553423
Bern / Berne,2020,1043081
Luzern,2020,416347
Uri,2020,36819
Schwyz,2020,162157
Obwalden,2020,38108
Nidwalden,2020,43520
Glarus,2020,40851
Zug,2020,128794
Fribourg / Freiburg,2020,325547
Solothurn,2020,277462
Basel-Stadt,2020,196735
Basel-Landschaft,2020,290969
Schaffhausen,2020,83107
Appenzell Ausserrhoden,2020,55309
Appenzell Innerrhoden,2020,16293
St. Gallen,2020,514504
Graubünden / Grigioni / Grischun,2020,200096
Aargau,2020,694072
Thurgau,2020,282909
Ticino,2020,350986
Vaud,2020,814762
Valais / Wallis,2020,348503
Neuchâtel,2020,175894
Genève,2020,506343
Jura,2020,73709
Suisse,2021,8738791
Zürich,2021,1564662
Bern / Berne,2021,1047422
Luzern,2021,420326
Uri,2021,37047
Schwyz,2021,163689
Obwalden,2021,38435
Nidwalden,2021,43894
Glarus,2021,41190
Zug,2021,129787
Fribourg / Freiburg,2021,329860
Solothurn,2021,280245
Basel-Stadt,2021,196036
Basel-Landschaft,2021,292817
Schaffhausen,2021,83995
Appenzell Ausserrhoden,2021,55585
Appenzell Innerrhoden,2021,16360
St. Gallen,2021,519245
Graubünden / Grigioni / Grischun,2021,201376
Aargau,2021,703086
Thurgau,2021,285964
Ticino,2021,352181
Vaud,2021,822968
Valais / Wallis,2021,353209
Neuchâtel,2021,176166
Genève,2021,509448
Jura,2021,73798
Suisse,2022,8815385
Zürich,2022,1579967
Bern / Berne,2022,1051437
Luzern,2022,424851
Uri,2022,37317
Schwyz,2022,164920
Obwalden,2022,38700
Nidwalden,2022,44420
Glarus,2022,41471
Zug,2022,131164
Fribourg / Freiburg,2022,334465
Solothurn,2022,282408
Basel-Stadt,2022,196786
Basel-Landschaft,2022,294417
Schaffhausen,2022,85214
Appenzell Ausserrhoden,2022,55759
Appenzell Innerrhoden,2022,16416
St. Gallen,2022,525967
Graubünden / Grigioni / Grischun,2022,202538
Aargau,2022,711232
Thurgau,2022,289650
Ticino,2022,354023
Vaud,2022,830431
Valais / Wallis,2022,357282
Neuchâtel,2022,176571
Genève,2022,514114
Jura,2022,73865
Suisse,2023,8962258
Zürich,2023,1605508
Bern / Berne,2023,1063533
Luzern,2023,432744
Uri,2023,37931
Schwyz,2023,167403
Obwalden,2023,39272
Nidwalden,2023,45016
Glarus,2023,42056
Zug,2023,132556
Fribourg / Freiburg,2023,341537
Solothurn,2023,286844
Basel-Stadt,2023,200031
Basel-Landschaft,2023,298837
Schaffhausen,2023,87111
Appenzell Ausserrhoden,2023,56495
Appenzell Innerrhoden,2023,16585
St. Gallen,2023,535114
Graubünden / Grigioni / Grischun,2023,204888
Aargau,2023,726894
Thurgau,2023,295220
Ticino,2023,357720
Vaud,2023,845870
Valais / Wallis,2023,365844
Neuchâtel,2023,178291
Genève,2023,524410
Jura,2023,74548
Suisse,2024,9051029
Zürich,2024,1620020
Bern / Berne,2024,1071216
Luzern,2024,437944
Uri,2024,38275
Schwyz,2024,168931
Obwalden,2024,39662
Nidwalden,2024,45345
Glarus,2024,42371
Zug,2024,133739
Fribourg / Freiburg,2024,346674
Solothurn,2024,289792
Basel-Stadt,2024,201384
Basel-Landschaft,2024,301323
Schaffhausen,2024,88667
Appenzell Ausserrhoden,2024,56705
Appenzell Innerrhoden,2024,16733
St. Gallen,2024,540036
Graubünden / Grigioni / Grischun,2024,206138
Aargau,2024,735808
Thurgau,2024,299509
Ticino,2024,358903
Vaud,2024,855106
Valais / Wallis,2024,371288
Neuchâtel,2024,179518
Genève,2024,531102
Jura,2024,74840
Suisse,2025,9127125
Zürich,2025,1632918
Bern / Berne,2025,1076127
Luzern,2025,441500
Uri,2025,38581
Schwyz,2025,170072
Obwalden,2025,39879
Nidwalden,2025,45664
Glarus,2025,42451
Zug,2025,135018
Fribourg / Freiburg,2025,350918
Solothurn,2025,291583
Basel-Stadt,2025,204157
Basel-Landschaft,2025,303872
Schaffhausen,2025,90087
Appenzell Ausserrhoden,2025,57221
Appenzell Innerrhoden,2025,16890
St. Gallen,2025,544040
Graubünden / Grigioni / Grischun,2025,207400
Aargau,2025,743768
Thurgau,2025,302806
Ticino,2025,359783
Vaud,2025,863650
Valais / Wallis,2025,376113
Neuchâtel,2025,180365
Genève,2025,537084
Jura,2025,75178
